file,owner_id,genuine_sample_number,sample_number,signature_owner_id,signed_file,status
NFI-00101001.png,1,1,1,1,genuine/NFI-00101001.png,0
NFI-00101001.png,1,1,2,1,genuine/NFI-00102001.png,0
NFI-00101001.png,1,1,3,1,genuine/NFI-00103001.png,0
NFI-00101001.png,1,1,4,1,genuine/NFI-00104001.png,0
NFI-00101001.png,1,1,5,1,genuine/NFI-00105001.png,0
NFI-00101001.png,1,1,1,3,forged/NFI-00301001.png,1
NFI-00101001.png,1,1,2,3,forged/NFI-00302001.png,1
NFI-00101001.png,1,1,3,3,forged/NFI-00303001.png,1
NFI-00101001.png,1,1,4,3,forged/NFI-00304001.png,1
NFI-00101001.png,1,1,5,3,forged/NFI-00305001.png,1
NFI-00102001.png,1,2,1,1,genuine/NFI-00101001.png,0
NFI-00102001.png,1,2,2,1,genuine/NFI-00102001.png,0
NFI-00102001.png,1,2,3,1,genuine/NFI-00103001.png,0
NFI-00102001.png,1,2,4,1,genuine/NFI-00104001.png,0
NFI-00102001.png,1,2,5,1,genuine/NFI-00105001.png,0
NFI-00102001.png,1,2,1,3,forged/NFI-00301001.png,1
NFI-00102001.png,1,2,2,3,forged/NFI-00302001.png,1
NFI-00102001.png,1,2,3,3,forged/NFI-00303001.png,1
NFI-00102001.png,1,2,4,3,forged/NFI-00304001.png,1
NFI-00102001.png,1,2,5,3,forged/NFI-00305001.png,1
NFI-00103001.png,1,3,1,1,genuine/NFI-00101001.png,0
NFI-00103001.png,1,3,2,1,genuine/NFI-00102001.png,0
NFI-00103001.png,1,3,3,1,genuine/NFI-00103001.png,0
NFI-00103001.png,1,3,4,1,genuine/NFI-00104001.png,0
NFI-00103001.png,1,3,5,1,genuine/NFI-00105001.png,0
NFI-00103001.png,1,3,1,3,forged/NFI-00301001.png,1
NFI-00103001.png,1,3,2,3,forged/NFI-00302001.png,1
NFI-00103001.png,1,3,3,3,forged/NFI-00303001.png,1
NFI-00103001.png,1,3,4,3,forged/NFI-00304001.png,1
NFI-00103001.png,1,3,5,3,forged/NFI-00305001.png,1
NFI-00104001.png,1,4,1,1,genuine/NFI-00101001.png,0
NFI-00104001.png,1,4,2,1,genuine/NFI-00102001.png,0
NFI-00104001.png,1,4,3,1,genuine/NFI-00103001.png,0
NFI-00104001.png,1,4,4,1,genuine/NFI-00104001.png,0
NFI-00104001.png,1,4,5,1,genuine/NFI-00105001.png,0
NFI-00104001.png,1,4,1,3,forged/NFI-00301001.png,1
NFI-00104001.png,1,4,2,3,forged/NFI-00302001.png,1
NFI-00104001.png,1,4,3,3,forged/NFI-00303001.png,1
NFI-00104001.png,1,4,4,3,forged/NFI-00304001.png,1
NFI-00104001.png,1,4,5,3,forged/NFI-00305001.png,1
NFI-00105001.png,1,5,1,1,genuine/NFI-00101001.png,0
NFI-00105001.png,1,5,2,1,genuine/NFI-00102001.png,0
NFI-00105001.png,1,5,3,1,genuine/NFI-00103001.png,0
NFI-00105001.png,1,5,4,1,genuine/NFI-00104001.png,0
NFI-00105001.png,1,5,5,1,genuine/NFI-00105001.png,0
NFI-00105001.png,1,5,1,3,forged/NFI-00301001.png,1
NFI-00105001.png,1,5,2,3,forged/NFI-00302001.png,1
NFI-00105001.png,1,5,3,3,forged/NFI-00303001.png,1
NFI-00105001.png,1,5,4,3,forged/NFI-00304001.png,1
NFI-00105001.png,1,5,5,3,forged/NFI-00305001.png,1
NFI-00201002.png,2,1,1,2,genuine/NFI-00201002.png,0
NFI-00201002.png,2,1,2,2,genuine/NFI-00202002.png,0
NFI-00201002.png,2,1,3,2,genuine/NFI-00203002.png,0
NFI-00201002.png,2,1,4,2,genuine/NFI-00204002.png,0
NFI-00201002.png,2,1,5,2,genuine/NFI-00205002.png,0
NFI-00201002.png,2,1,1,3,forged/NFI-00301002.png,1
NFI-00201002.png,2,1,2,3,forged/NFI-00302002.png,1
NFI-00201002.png,2,1,3,3,forged/NFI-00303002.png,1
NFI-00201002.png,2,1,4,3,forged/NFI-00304002.png,1
NFI-00201002.png,2,1,5,3,forged/NFI-00305002.png,1
NFI-00202002.png,2,2,1,2,genuine/NFI-00201002.png,0
NFI-00202002.png,2,2,2,2,genuine/NFI-00202002.png,0
NFI-00202002.png,2,2,3,2,genuine/NFI-00203002.png,0
NFI-00202002.png,2,2,4,2,genuine/NFI-00204002.png,0
NFI-00202002.png,2,2,5,2,genuine/NFI-00205002.png,0
NFI-00202002.png,2,2,1,3,forged/NFI-00301002.png,1
NFI-00202002.png,2,2,2,3,forged/NFI-00302002.png,1
NFI-00202002.png,2,2,3,3,forged/NFI-00303002.png,1
NFI-00202002.png,2,2,4,3,forged/NFI-00304002.png,1
NFI-00202002.png,2,2,5,3,forged/NFI-00305002.png,1
NFI-00203002.png,2,3,1,2,genuine/NFI-00201002.png,0
NFI-00203002.png,2,3,2,2,genuine/NFI-00202002.png,0
NFI-00203002.png,2,3,3,2,genuine/NFI-00203002.png,0
NFI-00203002.png,2,3,4,2,genuine/NFI-00204002.png,0
NFI-00203002.png,2,3,5,2,genuine/NFI-00205002.png,0
NFI-00203002.png,2,3,1,3,forged/NFI-00301002.png,1
NFI-00203002.png,2,3,2,3,forged/NFI-00302002.png,1
NFI-00203002.png,2,3,3,3,forged/NFI-00303002.png,1
NFI-00203002.png,2,3,4,3,forged/NFI-00304002.png,1
NFI-00203002.png,2,3,5,3,forged/NFI-00305002.png,1
NFI-00204002.png,2,4,1,2,genuine/NFI-00201002.png,0
NFI-00204002.png,2,4,2,2,genuine/NFI-00202002.png,0
NFI-00204002.png,2,4,3,2,genuine/NFI-00203002.png,0
NFI-00204002.png,2,4,4,2,genuine/NFI-00204002.png,0
NFI-00204002.png,2,4,5,2,genuine/NFI-00205002.png,0
NFI-00204002.png,2,4,1,3,forged/NFI-00301002.png,1
NFI-00204002.png,2,4,2,3,forged/NFI-00302002.png,1
NFI-00204002.png,2,4,3,3,forged/NFI-00303002.png,1
NFI-00204002.png,2,4,4,3,forged/NFI-00304002.png,1
NFI-00204002.png,2,4,5,3,forged/NFI-00305002.png,1
NFI-00205002.png,2,5,1,2,genuine/NFI-00201002.png,0
NFI-00205002.png,2,5,2,2,genuine/NFI-00202002.png,0
NFI-00205002.png,2,5,3,2,genuine/NFI-00203002.png,0
NFI-00205002.png,2,5,4,2,genuine/NFI-00204002.png,0
NFI-00205002.png,2,5,5,2,genuine/NFI-00205002.png,0
NFI-00205002.png,2,5,1,3,forged/NFI-00301002.png,1
NFI-00205002.png,2,5,2,3,forged/NFI-00302002.png,1
NFI-00205002.png,2,5,3,3,forged/NFI-00303002.png,1
NFI-00205002.png,2,5,4,3,forged/NFI-00304002.png,1
NFI-00205002.png,2,5,5,3,forged/NFI-00305002.png,1
NFI-00301003.png,3,1,1,3,genuine/NFI-00301003.png,0
NFI-00301003.png,3,1,2,3,genuine/NFI-00302003.png,0
NFI-00301003.png,3,1,3,3,genuine/NFI-00303003.png,0
NFI-00301003.png,3,1,4,3,genuine/NFI-00304003.png,0
NFI-00301003.png,3,1,5,3,genuine/NFI-00305003.png,0
NFI-00301003.png,3,1,1,4,forged/NFI-00401003.png,1
NFI-00301003.png,3,1,2,4,forged/NFI-00402003.png,1
NFI-00301003.png,3,1,3,4,forged/NFI-00403003.png,1
NFI-00301003.png,3,1,4,4,forged/NFI-00404003.png,1
NFI-00301003.png,3,1,5,4,forged/NFI-00405003.png,1
NFI-00302003.png,3,2,1,3,genuine/NFI-00301003.png,0
NFI-00302003.png,3,2,2,3,genuine/NFI-00302003.png,0
NFI-00302003.png,3,2,3,3,genuine/NFI-00303003.png,0
NFI-00302003.png,3,2,4,3,genuine/NFI-00304003.png,0
NFI-00302003.png,3,2,5,3,genuine/NFI-00305003.png,0
NFI-00302003.png,3,2,1,4,forged/NFI-00401003.png,1
NFI-00302003.png,3,2,2,4,forged/NFI-00402003.png,1
NFI-00302003.png,3,2,3,4,forged/NFI-00403003.png,1
NFI-00302003.png,3,2,4,4,forged/NFI-00404003.png,1
NFI-00302003.png,3,2,5,4,forged/NFI-00405003.png,1
NFI-00303003.png,3,3,1,3,genuine/NFI-00301003.png,0
NFI-00303003.png,3,3,2,3,genuine/NFI-00302003.png,0
NFI-00303003.png,3,3,3,3,genuine/NFI-00303003.png,0
NFI-00303003.png,3,3,4,3,genuine/NFI-00304003.png,0
NFI-00303003.png,3,3,5,3,genuine/NFI-00305003.png,0
NFI-00303003.png,3,3,1,4,forged/NFI-00401003.png,1
NFI-00303003.png,3,3,2,4,forged/NFI-00402003.png,1
NFI-00303003.png,3,3,3,4,forged/NFI-00403003.png,1
NFI-00303003.png,3,3,4,4,forged/NFI-00404003.png,1
NFI-00303003.png,3,3,5,4,forged/NFI-00405003.png,1
NFI-00304003.png,3,4,1,3,genuine/NFI-00301003.png,0
NFI-00304003.png,3,4,2,3,genuine/NFI-00302003.png,0
NFI-00304003.png,3,4,3,3,genuine/NFI-00303003.png,0
NFI-00304003.png,3,4,4,3,genuine/NFI-00304003.png,0
NFI-00304003.png,3,4,5,3,genuine/NFI-00305003.png,0
NFI-00304003.png,3,4,1,4,forged/NFI-00401003.png,1
NFI-00304003.png,3,4,2,4,forged/NFI-00402003.png,1
NFI-00304003.png,3,4,3,4,forged/NFI-00403003.png,1
NFI-00304003.png,3,4,4,4,forged/NFI-00404003.png,1
NFI-00304003.png,3,4,5,4,forged/NFI-00405003.png,1
NFI-00305003.png,3,5,1,3,genuine/NFI-00301003.png,0
NFI-00305003.png,3,5,2,3,genuine/NFI-00302003.png,0
NFI-00305003.png,3,5,3,3,genuine/NFI-00303003.png,0
NFI-00305003.png,3,5,4,3,genuine/NFI-00304003.png,0
NFI-00305003.png,3,5,5,3,genuine/NFI-00305003.png,0
NFI-00305003.png,3,5,1,4,forged/NFI-00401003.png,1
NFI-00305003.png,3,5,2,4,forged/NFI-00402003.png,1
NFI-00305003.png,3,5,3,4,forged/NFI-00403003.png,1
NFI-00305003.png,3,5,4,4,forged/NFI-00404003.png,1
NFI-00305003.png,3,5,5,4,forged/NFI-00405003.png,1
NFI-00401004.png,4,1,1,4,genuine/NFI-00401004.png,0
NFI-00401004.png,4,1,2,4,genuine/NFI-00402004.png,0
NFI-00401004.png,4,1,3,4,genuine/NFI-00403004.png,0
NFI-00401004.png,4,1,4,4,genuine/NFI-00404004.png,0
NFI-00401004.png,4,1,5,4,genuine/NFI-00405004.png,0
NFI-00401004.png,4,1,1,88,forged/NFI-08801004.png,1
NFI-00401004.png,4,1,2,88,forged/NFI-08802004.png,1
NFI-00401004.png,4,1,3,88,forged/NFI-08803004.png,1
NFI-00401004.png,4,1,4,88,forged/NFI-08804004.png,1
NFI-00401004.png,4,1,5,88,forged/NFI-08805004.png,1
NFI-00402004.png,4,2,1,4,genuine/NFI-00401004.png,0
NFI-00402004.png,4,2,2,4,genuine/NFI-00402004.png,0
NFI-00402004.png,4,2,3,4,genuine/NFI-00403004.png,0
NFI-00402004.png,4,2,4,4,genuine/NFI-00404004.png,0
NFI-00402004.png,4,2,5,4,genuine/NFI-00405004.png,0
NFI-00402004.png,4,2,1,88,forged/NFI-08801004.png,1
NFI-00402004.png,4,2,2,88,forged/NFI-08802004.png,1
NFI-00402004.png,4,2,3,88,forged/NFI-08803004.png,1
NFI-00402004.png,4,2,4,88,forged/NFI-08804004.png,1
NFI-00402004.png,4,2,5,88,forged/NFI-08805004.png,1
NFI-00403004.png,4,3,1,4,genuine/NFI-00401004.png,0
NFI-00403004.png,4,3,2,4,genuine/NFI-00402004.png,0
NFI-00403004.png,4,3,3,4,genuine/NFI-00403004.png,0
NFI-00403004.png,4,3,4,4,genuine/NFI-00404004.png,0
NFI-00403004.png,4,3,5,4,genuine/NFI-00405004.png,0
NFI-00403004.png,4,3,1,88,forged/NFI-08801004.png,1
NFI-00403004.png,4,3,2,88,forged/NFI-08802004.png,1
NFI-00403004.png,4,3,3,88,forged/NFI-08803004.png,1
NFI-00403004.png,4,3,4,88,forged/NFI-08804004.png,1
NFI-00403004.png,4,3,5,88,forged/NFI-08805004.png,1
NFI-00404004.png,4,4,1,4,genuine/NFI-00401004.png,0
NFI-00404004.png,4,4,2,4,genuine/NFI-00402004.png,0
NFI-00404004.png,4,4,3,4,genuine/NFI-00403004.png,0
NFI-00404004.png,4,4,4,4,genuine/NFI-00404004.png,0
NFI-00404004.png,4,4,5,4,genuine/NFI-00405004.png,0
NFI-00404004.png,4,4,1,88,forged/NFI-08801004.png,1
NFI-00404004.png,4,4,2,88,forged/NFI-08802004.png,1
NFI-00404004.png,4,4,3,88,forged/NFI-08803004.png,1
NFI-00404004.png,4,4,4,88,forged/NFI-08804004.png,1
NFI-00404004.png,4,4,5,88,forged/NFI-08805004.png,1
NFI-00405004.png,4,5,1,4,genuine/NFI-00401004.png,0
NFI-00405004.png,4,5,2,4,genuine/NFI-00402004.png,0
NFI-00405004.png,4,5,3,4,genuine/NFI-00403004.png,0
NFI-00405004.png,4,5,4,4,genuine/NFI-00404004.png,0
NFI-00405004.png,4,5,5,4,genuine/NFI-00405004.png,0
NFI-00405004.png,4,5,1,88,forged/NFI-08801004.png,1
NFI-00405004.png,4,5,2,88,forged/NFI-08802004.png,1
NFI-00405004.png,4,5,3,88,forged/NFI-08803004.png,1
NFI-00405004.png,4,5,4,88,forged/NFI-08804004.png,1
NFI-00405004.png,4,5,5,88,forged/NFI-08805004.png,1
NFI-00501005.png,5,1,1,3,forged/NFI-00301005.png,1
NFI-00501005.png,5,1,2,3,forged/NFI-00302005.png,1
NFI-00501005.png,5,1,3,3,forged/NFI-00303005.png,1
NFI-00501005.png,5,1,4,3,forged/NFI-00304005.png,1
NFI-00501005.png,5,1,5,3,forged/NFI-00305005.png,1
NFI-00501005.png,5,1,1,5,genuine/NFI-00501005.png,0
NFI-00501005.png,5,1,2,5,genuine/NFI-00502005.png,0
NFI-00501005.png,5,1,3,5,genuine/NFI-00503005.png,0
NFI-00501005.png,5,1,4,5,genuine/NFI-00504005.png,0
NFI-00501005.png,5,1,5,5,genuine/NFI-00505005.png,0
NFI-00502005.png,5,2,1,3,forged/NFI-00301005.png,1
NFI-00502005.png,5,2,2,3,forged/NFI-00302005.png,1
NFI-00502005.png,5,2,3,3,forged/NFI-00303005.png,1
NFI-00502005.png,5,2,4,3,forged/NFI-00304005.png,1
NFI-00502005.png,5,2,5,3,forged/NFI-00305005.png,1
NFI-00502005.png,5,2,1,5,genuine/NFI-00501005.png,0
NFI-00502005.png,5,2,2,5,genuine/NFI-00502005.png,0
NFI-00502005.png,5,2,3,5,genuine/NFI-00503005.png,0
NFI-00502005.png,5,2,4,5,genuine/NFI-00504005.png,0
NFI-00502005.png,5,2,5,5,genuine/NFI-00505005.png,0
NFI-00503005.png,5,3,1,3,forged/NFI-00301005.png,1
NFI-00503005.png,5,3,2,3,forged/NFI-00302005.png,1
NFI-00503005.png,5,3,3,3,forged/NFI-00303005.png,1
NFI-00503005.png,5,3,4,3,forged/NFI-00304005.png,1
NFI-00503005.png,5,3,5,3,forged/NFI-00305005.png,1
NFI-00503005.png,5,3,1,5,genuine/NFI-00501005.png,0
NFI-00503005.png,5,3,2,5,genuine/NFI-00502005.png,0
NFI-00503005.png,5,3,3,5,genuine/NFI-00503005.png,0
NFI-00503005.png,5,3,4,5,genuine/NFI-00504005.png,0
NFI-00503005.png,5,3,5,5,genuine/NFI-00505005.png,0
NFI-00504005.png,5,4,1,3,forged/NFI-00301005.png,1
NFI-00504005.png,5,4,2,3,forged/NFI-00302005.png,1
NFI-00504005.png,5,4,3,3,forged/NFI-00303005.png,1
NFI-00504005.png,5,4,4,3,forged/NFI-00304005.png,1
NFI-00504005.png,5,4,5,3,forged/NFI-00305005.png,1
NFI-00504005.png,5,4,1,5,genuine/NFI-00501005.png,0
NFI-00504005.png,5,4,2,5,genuine/NFI-00502005.png,0
NFI-00504005.png,5,4,3,5,genuine/NFI-00503005.png,0
NFI-00504005.png,5,4,4,5,genuine/NFI-00504005.png,0
NFI-00504005.png,5,4,5,5,genuine/NFI-00505005.png,0
NFI-00505005.png,5,5,1,3,forged/NFI-00301005.png,1
NFI-00505005.png,5,5,2,3,forged/NFI-00302005.png,1
NFI-00505005.png,5,5,3,3,forged/NFI-00303005.png,1
NFI-00505005.png,5,5,4,3,forged/NFI-00304005.png,1
NFI-00505005.png,5,5,5,3,forged/NFI-00305005.png,1
NFI-00505005.png,5,5,1,5,genuine/NFI-00501005.png,0
NFI-00505005.png,5,5,2,5,genuine/NFI-00502005.png,0
NFI-00505005.png,5,5,3,5,genuine/NFI-00503005.png,0
NFI-00505005.png,5,5,4,5,genuine/NFI-00504005.png,0
NFI-00505005.png,5,5,5,5,genuine/NFI-00505005.png,0
NFI-00601006.png,6,1,1,6,genuine/NFI-00601006.png,0
NFI-00601006.png,6,1,2,6,genuine/NFI-00602006.png,0
NFI-00601006.png,6,1,3,6,genuine/NFI-00603006.png,0
NFI-00601006.png,6,1,4,6,genuine/NFI-00604006.png,0
NFI-00601006.png,6,1,5,6,genuine/NFI-00605006.png,0
NFI-00601006.png,6,1,1,33,forged/NFI-03301006.png,1
NFI-00601006.png,6,1,2,33,forged/NFI-03302006.png,1
NFI-00601006.png,6,1,3,33,forged/NFI-03303006.png,1
NFI-00601006.png,6,1,4,33,forged/NFI-03304006.png,1
NFI-00601006.png,6,1,5,33,forged/NFI-03305006.png,1
NFI-00602006.png,6,2,1,6,genuine/NFI-00601006.png,0
NFI-00602006.png,6,2,2,6,genuine/NFI-00602006.png,0
NFI-00602006.png,6,2,3,6,genuine/NFI-00603006.png,0
NFI-00602006.png,6,2,4,6,genuine/NFI-00604006.png,0
NFI-00602006.png,6,2,5,6,genuine/NFI-00605006.png,0
NFI-00602006.png,6,2,1,33,forged/NFI-03301006.png,1
NFI-00602006.png,6,2,2,33,forged/NFI-03302006.png,1
NFI-00602006.png,6,2,3,33,forged/NFI-03303006.png,1
NFI-00602006.png,6,2,4,33,forged/NFI-03304006.png,1
NFI-00602006.png,6,2,5,33,forged/NFI-03305006.png,1
NFI-00603006.png,6,3,1,6,genuine/NFI-00601006.png,0
NFI-00603006.png,6,3,2,6,genuine/NFI-00602006.png,0
NFI-00603006.png,6,3,3,6,genuine/NFI-00603006.png,0
NFI-00603006.png,6,3,4,6,genuine/NFI-00604006.png,0
NFI-00603006.png,6,3,5,6,genuine/NFI-00605006.png,0
NFI-00603006.png,6,3,1,33,forged/NFI-03301006.png,1
NFI-00603006.png,6,3,2,33,forged/NFI-03302006.png,1
NFI-00603006.png,6,3,3,33,forged/NFI-03303006.png,1
NFI-00603006.png,6,3,4,33,forged/NFI-03304006.png,1
NFI-00603006.png,6,3,5,33,forged/NFI-03305006.png,1
NFI-00604006.png,6,4,1,6,genuine/NFI-00601006.png,0
NFI-00604006.png,6,4,2,6,genuine/NFI-00602006.png,0
NFI-00604006.png,6,4,3,6,genuine/NFI-00603006.png,0
NFI-00604006.png,6,4,4,6,genuine/NFI-00604006.png,0
NFI-00604006.png,6,4,5,6,genuine/NFI-00605006.png,0
NFI-00604006.png,6,4,1,33,forged/NFI-03301006.png,1
NFI-00604006.png,6,4,2,33,forged/NFI-03302006.png,1
NFI-00604006.png,6,4,3,33,forged/NFI-03303006.png,1
NFI-00604006.png,6,4,4,33,forged/NFI-03304006.png,1
NFI-00604006.png,6,4,5,33,forged/NFI-03305006.png,1
NFI-00605006.png,6,5,1,6,genuine/NFI-00601006.png,0
NFI-00605006.png,6,5,2,6,genuine/NFI-00602006.png,0
NFI-00605006.png,6,5,3,6,genuine/NFI-00603006.png,0
NFI-00605006.png,6,5,4,6,genuine/NFI-00604006.png,0
NFI-00605006.png,6,5,5,6,genuine/NFI-00605006.png,0
NFI-00605006.png,6,5,1,33,forged/NFI-03301006.png,1
NFI-00605006.png,6,5,2,33,forged/NFI-03302006.png,1
NFI-00605006.png,6,5,3,33,forged/NFI-03303006.png,1
NFI-00605006.png,6,5,4,33,forged/NFI-03304006.png,1
NFI-00605006.png,6,5,5,33,forged/NFI-03305006.png,1
NFI-00701007.png,7,1,1,4,forged/NFI-00401007.png,1
NFI-00701007.png,7,1,2,4,forged/NFI-00402007.png,1
NFI-00701007.png,7,1,3,4,forged/NFI-00403007.png,1
NFI-00701007.png,7,1,4,4,forged/NFI-00404007.png,1
NFI-00701007.png,7,1,5,4,forged/NFI-00405007.png,1
NFI-00701007.png,7,1,1,7,genuine/NFI-00701007.png,0
NFI-00701007.png,7,1,2,7,genuine/NFI-00702007.png,0
NFI-00701007.png,7,1,3,7,genuine/NFI-00703007.png,0
NFI-00701007.png,7,1,4,7,genuine/NFI-00704007.png,0
NFI-00701007.png,7,1,5,7,genuine/NFI-00705007.png,0
NFI-00702007.png,7,2,1,4,forged/NFI-00401007.png,1
NFI-00702007.png,7,2,2,4,forged/NFI-00402007.png,1
NFI-00702007.png,7,2,3,4,forged/NFI-00403007.png,1
NFI-00702007.png,7,2,4,4,forged/NFI-00404007.png,1
NFI-00702007.png,7,2,5,4,forged/NFI-00405007.png,1
NFI-00702007.png,7,2,1,7,genuine/NFI-00701007.png,0
NFI-00702007.png,7,2,2,7,genuine/NFI-00702007.png,0
NFI-00702007.png,7,2,3,7,genuine/NFI-00703007.png,0
NFI-00702007.png,7,2,4,7,genuine/NFI-00704007.png,0
NFI-00702007.png,7,2,5,7,genuine/NFI-00705007.png,0
NFI-00703007.png,7,3,1,4,forged/NFI-00401007.png,1
NFI-00703007.png,7,3,2,4,forged/NFI-00402007.png,1
NFI-00703007.png,7,3,3,4,forged/NFI-00403007.png,1
NFI-00703007.png,7,3,4,4,forged/NFI-00404007.png,1
NFI-00703007.png,7,3,5,4,forged/NFI-00405007.png,1
NFI-00703007.png,7,3,1,7,genuine/NFI-00701007.png,0
NFI-00703007.png,7,3,2,7,genuine/NFI-00702007.png,0
NFI-00703007.png,7,3,3,7,genuine/NFI-00703007.png,0
NFI-00703007.png,7,3,4,7,genuine/NFI-00704007.png,0
NFI-00703007.png,7,3,5,7,genuine/NFI-00705007.png,0
NFI-00704007.png,7,4,1,4,forged/NFI-00401007.png,1
NFI-00704007.png,7,4,2,4,forged/NFI-00402007.png,1
NFI-00704007.png,7,4,3,4,forged/NFI-00403007.png,1
NFI-00704007.png,7,4,4,4,forged/NFI-00404007.png,1
NFI-00704007.png,7,4,5,4,forged/NFI-00405007.png,1
NFI-00704007.png,7,4,1,7,genuine/NFI-00701007.png,0
NFI-00704007.png,7,4,2,7,genuine/NFI-00702007.png,0
NFI-00704007.png,7,4,3,7,genuine/NFI-00703007.png,0
NFI-00704007.png,7,4,4,7,genuine/NFI-00704007.png,0
NFI-00704007.png,7,4,5,7,genuine/NFI-00705007.png,0
NFI-00705007.png,7,5,1,4,forged/NFI-00401007.png,1
NFI-00705007.png,7,5,2,4,forged/NFI-00402007.png,1
NFI-00705007.png,7,5,3,4,forged/NFI-00403007.png,1
NFI-00705007.png,7,5,4,4,forged/NFI-00404007.png,1
NFI-00705007.png,7,5,5,4,forged/NFI-00405007.png,1
NFI-00705007.png,7,5,1,7,genuine/NFI-00701007.png,0
NFI-00705007.png,7,5,2,7,genuine/NFI-00702007.png,0
NFI-00705007.png,7,5,3,7,genuine/NFI-00703007.png,0
NFI-00705007.png,7,5,4,7,genuine/NFI-00704007.png,0
NFI-00705007.png,7,5,5,7,genuine/NFI-00705007.png,0
NFI-00801008.png,8,1,1,8,genuine/NFI-00801008.png,0
NFI-00801008.png,8,1,2,8,genuine/NFI-00802008.png,0
NFI-00801008.png,8,1,3,8,genuine/NFI-00803008.png,0
NFI-00801008.png,8,1,4,8,genuine/NFI-00804008.png,0
NFI-00801008.png,8,1,5,8,genuine/NFI-00805008.png,0
NFI-00801008.png,8,1,1,23,forged/NFI-02301008.png,1
NFI-00801008.png,8,1,3,23,forged/NFI-02303008.png,1
NFI-00801008.png,8,1,4,23,forged/NFI-02304008.png,1
NFI-00801008.png,8,1,5,23,forged/NFI-02305008.png,1
NFI-00801008.png,8,1,6,23,forged/NFI-02306008.png,1
NFI-00802008.png,8,2,1,8,genuine/NFI-00801008.png,0
NFI-00802008.png,8,2,2,8,genuine/NFI-00802008.png,0
NFI-00802008.png,8,2,3,8,genuine/NFI-00803008.png,0
NFI-00802008.png,8,2,4,8,genuine/NFI-00804008.png,0
NFI-00802008.png,8,2,5,8,genuine/NFI-00805008.png,0
NFI-00802008.png,8,2,1,23,forged/NFI-02301008.png,1
NFI-00802008.png,8,2,3,23,forged/NFI-02303008.png,1
NFI-00802008.png,8,2,4,23,forged/NFI-02304008.png,1
NFI-00802008.png,8,2,5,23,forged/NFI-02305008.png,1
NFI-00802008.png,8,2,6,23,forged/NFI-02306008.png,1
NFI-00803008.png,8,3,1,8,genuine/NFI-00801008.png,0
NFI-00803008.png,8,3,2,8,genuine/NFI-00802008.png,0
NFI-00803008.png,8,3,3,8,genuine/NFI-00803008.png,0
NFI-00803008.png,8,3,4,8,genuine/NFI-00804008.png,0
NFI-00803008.png,8,3,5,8,genuine/NFI-00805008.png,0
NFI-00803008.png,8,3,1,23,forged/NFI-02301008.png,1
NFI-00803008.png,8,3,3,23,forged/NFI-02303008.png,1
NFI-00803008.png,8,3,4,23,forged/NFI-02304008.png,1
NFI-00803008.png,8,3,5,23,forged/NFI-02305008.png,1
NFI-00803008.png,8,3,6,23,forged/NFI-02306008.png,1
NFI-00804008.png,8,4,1,8,genuine/NFI-00801008.png,0
NFI-00804008.png,8,4,2,8,genuine/NFI-00802008.png,0
NFI-00804008.png,8,4,3,8,genuine/NFI-00803008.png,0
NFI-00804008.png,8,4,4,8,genuine/NFI-00804008.png,0
NFI-00804008.png,8,4,5,8,genuine/NFI-00805008.png,0
NFI-00804008.png,8,4,1,23,forged/NFI-02301008.png,1
NFI-00804008.png,8,4,3,23,forged/NFI-02303008.png,1
NFI-00804008.png,8,4,4,23,forged/NFI-02304008.png,1
NFI-00804008.png,8,4,5,23,forged/NFI-02305008.png,1
NFI-00804008.png,8,4,6,23,forged/NFI-02306008.png,1
NFI-00805008.png,8,5,1,8,genuine/NFI-00801008.png,0
NFI-00805008.png,8,5,2,8,genuine/NFI-00802008.png,0
NFI-00805008.png,8,5,3,8,genuine/NFI-00803008.png,0
NFI-00805008.png,8,5,4,8,genuine/NFI-00804008.png,0
NFI-00805008.png,8,5,5,8,genuine/NFI-00805008.png,0
NFI-00805008.png,8,5,1,23,forged/NFI-02301008.png,1
NFI-00805008.png,8,5,3,23,forged/NFI-02303008.png,1
NFI-00805008.png,8,5,4,23,forged/NFI-02304008.png,1
NFI-00805008.png,8,5,5,23,forged/NFI-02305008.png,1
NFI-00805008.png,8,5,6,23,forged/NFI-02306008.png,1
NFI-00901009.png,9,1,1,3,forged/NFI-00301009.png,1
NFI-00901009.png,9,1,2,3,forged/NFI-00302009.png,1
NFI-00901009.png,9,1,3,3,forged/NFI-00303009.png,1
NFI-00901009.png,9,1,4,3,forged/NFI-00304009.png,1
NFI-00901009.png,9,1,5,3,forged/NFI-00305009.png,1
NFI-00901009.png,9,1,1,9,genuine/NFI-00901009.png,0
NFI-00901009.png,9,1,2,9,genuine/NFI-00902009.png,0
NFI-00901009.png,9,1,3,9,genuine/NFI-00903009.png,0
NFI-00901009.png,9,1,4,9,genuine/NFI-00904009.png,0
NFI-00901009.png,9,1,5,9,genuine/NFI-00905009.png,0
NFI-00901009.png,9,1,5,25,forged/NFI-02505009.png,1
NFI-00902009.png,9,2,1,3,forged/NFI-00301009.png,1
NFI-00902009.png,9,2,2,3,forged/NFI-00302009.png,1
NFI-00902009.png,9,2,3,3,forged/NFI-00303009.png,1
NFI-00902009.png,9,2,4,3,forged/NFI-00304009.png,1
NFI-00902009.png,9,2,5,3,forged/NFI-00305009.png,1
NFI-00902009.png,9,2,1,9,genuine/NFI-00901009.png,0
NFI-00902009.png,9,2,2,9,genuine/NFI-00902009.png,0
NFI-00902009.png,9,2,3,9,genuine/NFI-00903009.png,0
NFI-00902009.png,9,2,4,9,genuine/NFI-00904009.png,0
NFI-00902009.png,9,2,5,9,genuine/NFI-00905009.png,0
NFI-00902009.png,9,2,5,25,forged/NFI-02505009.png,1
NFI-00903009.png,9,3,1,3,forged/NFI-00301009.png,1
NFI-00903009.png,9,3,2,3,forged/NFI-00302009.png,1
NFI-00903009.png,9,3,3,3,forged/NFI-00303009.png,1
NFI-00903009.png,9,3,4,3,forged/NFI-00304009.png,1
NFI-00903009.png,9,3,5,3,forged/NFI-00305009.png,1
NFI-00903009.png,9,3,1,9,genuine/NFI-00901009.png,0
NFI-00903009.png,9,3,2,9,genuine/NFI-00902009.png,0
NFI-00903009.png,9,3,3,9,genuine/NFI-00903009.png,0
NFI-00903009.png,9,3,4,9,genuine/NFI-00904009.png,0
NFI-00903009.png,9,3,5,9,genuine/NFI-00905009.png,0
NFI-00903009.png,9,3,5,25,forged/NFI-02505009.png,1
NFI-00904009.png,9,4,1,3,forged/NFI-00301009.png,1
NFI-00904009.png,9,4,2,3,forged/NFI-00302009.png,1
NFI-00904009.png,9,4,3,3,forged/NFI-00303009.png,1
NFI-00904009.png,9,4,4,3,forged/NFI-00304009.png,1
NFI-00904009.png,9,4,5,3,forged/NFI-00305009.png,1
NFI-00904009.png,9,4,1,9,genuine/NFI-00901009.png,0
NFI-00904009.png,9,4,2,9,genuine/NFI-00902009.png,0
NFI-00904009.png,9,4,3,9,genuine/NFI-00903009.png,0
NFI-00904009.png,9,4,4,9,genuine/NFI-00904009.png,0
NFI-00904009.png,9,4,5,9,genuine/NFI-00905009.png,0
NFI-00904009.png,9,4,5,25,forged/NFI-02505009.png,1
NFI-00905009.png,9,5,1,3,forged/NFI-00301009.png,1
NFI-00905009.png,9,5,2,3,forged/NFI-00302009.png,1
NFI-00905009.png,9,5,3,3,forged/NFI-00303009.png,1
NFI-00905009.png,9,5,4,3,forged/NFI-00304009.png,1
NFI-00905009.png,9,5,5,3,forged/NFI-00305009.png,1
NFI-00905009.png,9,5,1,9,genuine/NFI-00901009.png,0
NFI-00905009.png,9,5,2,9,genuine/NFI-00902009.png,0
NFI-00905009.png,9,5,3,9,genuine/NFI-00903009.png,0
NFI-00905009.png,9,5,4,9,genuine/NFI-00904009.png,0
NFI-00905009.png,9,5,5,9,genuine/NFI-00905009.png,0
NFI-00905009.png,9,5,5,25,forged/NFI-02505009.png,1
NFI-01001010.png,10,1,1,10,genuine/NFI-01001010.png,0
NFI-01001010.png,10,1,2,10,genuine/NFI-01002010.png,0
NFI-01001010.png,10,1,3,10,genuine/NFI-01003010.png,0
NFI-01001010.png,10,1,4,10,genuine/NFI-01004010.png,0
NFI-01001010.png,10,1,5,10,genuine/NFI-01005010.png,0
NFI-01001010.png,10,1,1,25,forged/NFI-02501010.png,1
NFI-01001010.png,10,1,2,25,forged/NFI-02502010.png,1
NFI-01001010.png,10,1,3,25,forged/NFI-02503010.png,1
NFI-01001010.png,10,1,4,25,forged/NFI-02504010.png,1
NFI-01002010.png,10,2,1,10,genuine/NFI-01001010.png,0
NFI-01002010.png,10,2,2,10,genuine/NFI-01002010.png,0
NFI-01002010.png,10,2,3,10,genuine/NFI-01003010.png,0
NFI-01002010.png,10,2,4,10,genuine/NFI-01004010.png,0
NFI-01002010.png,10,2,5,10,genuine/NFI-01005010.png,0
NFI-01002010.png,10,2,1,25,forged/NFI-02501010.png,1
NFI-01002010.png,10,2,2,25,forged/NFI-02502010.png,1
NFI-01002010.png,10,2,3,25,forged/NFI-02503010.png,1
NFI-01002010.png,10,2,4,25,forged/NFI-02504010.png,1
NFI-01003010.png,10,3,1,10,genuine/NFI-01001010.png,0
NFI-01003010.png,10,3,2,10,genuine/NFI-01002010.png,0
NFI-01003010.png,10,3,3,10,genuine/NFI-01003010.png,0
NFI-01003010.png,10,3,4,10,genuine/NFI-01004010.png,0
NFI-01003010.png,10,3,5,10,genuine/NFI-01005010.png,0
NFI-01003010.png,10,3,1,25,forged/NFI-02501010.png,1
NFI-01003010.png,10,3,2,25,forged/NFI-02502010.png,1
NFI-01003010.png,10,3,3,25,forged/NFI-02503010.png,1
NFI-01003010.png,10,3,4,25,forged/NFI-02504010.png,1
NFI-01004010.png,10,4,1,10,genuine/NFI-01001010.png,0
NFI-01004010.png,10,4,2,10,genuine/NFI-01002010.png,0
NFI-01004010.png,10,4,3,10,genuine/NFI-01003010.png,0
NFI-01004010.png,10,4,4,10,genuine/NFI-01004010.png,0
NFI-01004010.png,10,4,5,10,genuine/NFI-01005010.png,0
NFI-01004010.png,10,4,1,25,forged/NFI-02501010.png,1
NFI-01004010.png,10,4,2,25,forged/NFI-02502010.png,1
NFI-01004010.png,10,4,3,25,forged/NFI-02503010.png,1
NFI-01004010.png,10,4,4,25,forged/NFI-02504010.png,1
NFI-01005010.png,10,5,1,10,genuine/NFI-01001010.png,0
NFI-01005010.png,10,5,2,10,genuine/NFI-01002010.png,0
NFI-01005010.png,10,5,3,10,genuine/NFI-01003010.png,0
NFI-01005010.png,10,5,4,10,genuine/NFI-01004010.png,0
NFI-01005010.png,10,5,5,10,genuine/NFI-01005010.png,0
NFI-01005010.png,10,5,1,25,forged/NFI-02501010.png,1
NFI-01005010.png,10,5,2,25,forged/NFI-02502010.png,1
NFI-01005010.png,10,5,3,25,forged/NFI-02503010.png,1
NFI-01005010.png,10,5,4,25,forged/NFI-02504010.png,1
NFI-01101011.png,11,1,1,7,forged/NFI-00701011.png,1
NFI-01101011.png,11,1,2,7,forged/NFI-00702011.png,1
NFI-01101011.png,11,1,3,7,forged/NFI-00703011.png,1
NFI-01101011.png,11,1,4,7,forged/NFI-00704011.png,1
NFI-01101011.png,11,1,5,7,forged/NFI-00705011.png,1
NFI-01101011.png,11,1,1,11,genuine/NFI-01101011.png,0
NFI-01101011.png,11,1,2,11,genuine/NFI-01102011.png,0
NFI-01101011.png,11,1,3,11,genuine/NFI-01103011.png,0
NFI-01101011.png,11,1,4,11,genuine/NFI-01104011.png,0
NFI-01101011.png,11,1,5,11,genuine/NFI-01105011.png,0
NFI-01102011.png,11,2,1,7,forged/NFI-00701011.png,1
NFI-01102011.png,11,2,2,7,forged/NFI-00702011.png,1
NFI-01102011.png,11,2,3,7,forged/NFI-00703011.png,1
NFI-01102011.png,11,2,4,7,forged/NFI-00704011.png,1
NFI-01102011.png,11,2,5,7,forged/NFI-00705011.png,1
NFI-01102011.png,11,2,1,11,genuine/NFI-01101011.png,0
NFI-01102011.png,11,2,2,11,genuine/NFI-01102011.png,0
NFI-01102011.png,11,2,3,11,genuine/NFI-01103011.png,0
NFI-01102011.png,11,2,4,11,genuine/NFI-01104011.png,0
NFI-01102011.png,11,2,5,11,genuine/NFI-01105011.png,0
NFI-01103011.png,11,3,1,7,forged/NFI-00701011.png,1
NFI-01103011.png,11,3,2,7,forged/NFI-00702011.png,1
NFI-01103011.png,11,3,3,7,forged/NFI-00703011.png,1
NFI-01103011.png,11,3,4,7,forged/NFI-00704011.png,1
NFI-01103011.png,11,3,5,7,forged/NFI-00705011.png,1
NFI-01103011.png,11,3,1,11,genuine/NFI-01101011.png,0
NFI-01103011.png,11,3,2,11,genuine/NFI-01102011.png,0
NFI-01103011.png,11,3,3,11,genuine/NFI-01103011.png,0
NFI-01103011.png,11,3,4,11,genuine/NFI-01104011.png,0
NFI-01103011.png,11,3,5,11,genuine/NFI-01105011.png,0
NFI-01104011.png,11,4,1,7,forged/NFI-00701011.png,1
NFI-01104011.png,11,4,2,7,forged/NFI-00702011.png,1
NFI-01104011.png,11,4,3,7,forged/NFI-00703011.png,1
NFI-01104011.png,11,4,4,7,forged/NFI-00704011.png,1
NFI-01104011.png,11,4,5,7,forged/NFI-00705011.png,1
NFI-01104011.png,11,4,1,11,genuine/NFI-01101011.png,0
NFI-01104011.png,11,4,2,11,genuine/NFI-01102011.png,0
NFI-01104011.png,11,4,3,11,genuine/NFI-01103011.png,0
NFI-01104011.png,11,4,4,11,genuine/NFI-01104011.png,0
NFI-01104011.png,11,4,5,11,genuine/NFI-01105011.png,0
NFI-01105011.png,11,5,1,7,forged/NFI-00701011.png,1
NFI-01105011.png,11,5,2,7,forged/NFI-00702011.png,1
NFI-01105011.png,11,5,3,7,forged/NFI-00703011.png,1
NFI-01105011.png,11,5,4,7,forged/NFI-00704011.png,1
NFI-01105011.png,11,5,5,7,forged/NFI-00705011.png,1
NFI-01105011.png,11,5,1,11,genuine/NFI-01101011.png,0
NFI-01105011.png,11,5,2,11,genuine/NFI-01102011.png,0
NFI-01105011.png,11,5,3,11,genuine/NFI-01103011.png,0
NFI-01105011.png,11,5,4,11,genuine/NFI-01104011.png,0
NFI-01105011.png,11,5,5,11,genuine/NFI-01105011.png,0
NFI-01201012.png,12,1,1,11,forged/NFI-01101012.png,1
NFI-01201012.png,12,1,2,11,forged/NFI-01102012.png,1
NFI-01201012.png,12,1,3,11,forged/NFI-01103012.png,1
NFI-01201012.png,12,1,4,11,forged/NFI-01104012.png,1
NFI-01201012.png,12,1,5,11,forged/NFI-01105012.png,1
NFI-01201012.png,12,1,1,12,genuine/NFI-01201012.png,0
NFI-01201012.png,12,1,2,12,genuine/NFI-01202012.png,0
NFI-01201012.png,12,1,3,12,genuine/NFI-01203012.png,0
NFI-01201012.png,12,1,4,12,genuine/NFI-01204012.png,0
NFI-01201012.png,12,1,5,12,genuine/NFI-01205012.png,0
NFI-01202012.png,12,2,1,11,forged/NFI-01101012.png,1
NFI-01202012.png,12,2,2,11,forged/NFI-01102012.png,1
NFI-01202012.png,12,2,3,11,forged/NFI-01103012.png,1
NFI-01202012.png,12,2,4,11,forged/NFI-01104012.png,1
NFI-01202012.png,12,2,5,11,forged/NFI-01105012.png,1
NFI-01202012.png,12,2,1,12,genuine/NFI-01201012.png,0
NFI-01202012.png,12,2,2,12,genuine/NFI-01202012.png,0
NFI-01202012.png,12,2,3,12,genuine/NFI-01203012.png,0
NFI-01202012.png,12,2,4,12,genuine/NFI-01204012.png,0
NFI-01202012.png,12,2,5,12,genuine/NFI-01205012.png,0
NFI-01203012.png,12,3,1,11,forged/NFI-01101012.png,1
NFI-01203012.png,12,3,2,11,forged/NFI-01102012.png,1
NFI-01203012.png,12,3,3,11,forged/NFI-01103012.png,1
NFI-01203012.png,12,3,4,11,forged/NFI-01104012.png,1
NFI-01203012.png,12,3,5,11,forged/NFI-01105012.png,1
NFI-01203012.png,12,3,1,12,genuine/NFI-01201012.png,0
NFI-01203012.png,12,3,2,12,genuine/NFI-01202012.png,0
NFI-01203012.png,12,3,3,12,genuine/NFI-01203012.png,0
NFI-01203012.png,12,3,4,12,genuine/NFI-01204012.png,0
NFI-01203012.png,12,3,5,12,genuine/NFI-01205012.png,0
NFI-01204012.png,12,4,1,11,forged/NFI-01101012.png,1
NFI-01204012.png,12,4,2,11,forged/NFI-01102012.png,1
NFI-01204012.png,12,4,3,11,forged/NFI-01103012.png,1
NFI-01204012.png,12,4,4,11,forged/NFI-01104012.png,1
NFI-01204012.png,12,4,5,11,forged/NFI-01105012.png,1
NFI-01204012.png,12,4,1,12,genuine/NFI-01201012.png,0
NFI-01204012.png,12,4,2,12,genuine/NFI-01202012.png,0
NFI-01204012.png,12,4,3,12,genuine/NFI-01203012.png,0
NFI-01204012.png,12,4,4,12,genuine/NFI-01204012.png,0
NFI-01204012.png,12,4,5,12,genuine/NFI-01205012.png,0
NFI-01205012.png,12,5,1,11,forged/NFI-01101012.png,1
NFI-01205012.png,12,5,2,11,forged/NFI-01102012.png,1
NFI-01205012.png,12,5,3,11,forged/NFI-01103012.png,1
NFI-01205012.png,12,5,4,11,forged/NFI-01104012.png,1
NFI-01205012.png,12,5,5,11,forged/NFI-01105012.png,1
NFI-01205012.png,12,5,1,12,genuine/NFI-01201012.png,0
NFI-01205012.png,12,5,2,12,genuine/NFI-01202012.png,0
NFI-01205012.png,12,5,3,12,genuine/NFI-01203012.png,0
NFI-01205012.png,12,5,4,12,genuine/NFI-01204012.png,0
NFI-01205012.png,12,5,5,12,genuine/NFI-01205012.png,0
NFI-01301013.png,13,1,1,4,forged/NFI-00401013.png,1
NFI-01301013.png,13,1,2,4,forged/NFI-00402013.png,1
NFI-01301013.png,13,1,3,4,forged/NFI-00403013.png,1
NFI-01301013.png,13,1,4,4,forged/NFI-00404013.png,1
NFI-01301013.png,13,1,5,4,forged/NFI-00405013.png,1
NFI-01301013.png,13,1,1,13,genuine/NFI-01301013.png,0
NFI-01301013.png,13,1,2,13,genuine/NFI-01302013.png,0
NFI-01301013.png,13,1,3,13,genuine/NFI-01303013.png,0
NFI-01301013.png,13,1,4,13,genuine/NFI-01304013.png,0
NFI-01301013.png,13,1,5,13,genuine/NFI-01305013.png,0
NFI-01302013.png,13,2,1,4,forged/NFI-00401013.png,1
NFI-01302013.png,13,2,2,4,forged/NFI-00402013.png,1
NFI-01302013.png,13,2,3,4,forged/NFI-00403013.png,1
NFI-01302013.png,13,2,4,4,forged/NFI-00404013.png,1
NFI-01302013.png,13,2,5,4,forged/NFI-00405013.png,1
NFI-01302013.png,13,2,1,13,genuine/NFI-01301013.png,0
NFI-01302013.png,13,2,2,13,genuine/NFI-01302013.png,0
NFI-01302013.png,13,2,3,13,genuine/NFI-01303013.png,0
NFI-01302013.png,13,2,4,13,genuine/NFI-01304013.png,0
NFI-01302013.png,13,2,5,13,genuine/NFI-01305013.png,0
NFI-01303013.png,13,3,1,4,forged/NFI-00401013.png,1
NFI-01303013.png,13,3,2,4,forged/NFI-00402013.png,1
NFI-01303013.png,13,3,3,4,forged/NFI-00403013.png,1
NFI-01303013.png,13,3,4,4,forged/NFI-00404013.png,1
NFI-01303013.png,13,3,5,4,forged/NFI-00405013.png,1
NFI-01303013.png,13,3,1,13,genuine/NFI-01301013.png,0
NFI-01303013.png,13,3,2,13,genuine/NFI-01302013.png,0
NFI-01303013.png,13,3,3,13,genuine/NFI-01303013.png,0
NFI-01303013.png,13,3,4,13,genuine/NFI-01304013.png,0
NFI-01303013.png,13,3,5,13,genuine/NFI-01305013.png,0
NFI-01304013.png,13,4,1,4,forged/NFI-00401013.png,1
NFI-01304013.png,13,4,2,4,forged/NFI-00402013.png,1
NFI-01304013.png,13,4,3,4,forged/NFI-00403013.png,1
NFI-01304013.png,13,4,4,4,forged/NFI-00404013.png,1
NFI-01304013.png,13,4,5,4,forged/NFI-00405013.png,1
NFI-01304013.png,13,4,1,13,genuine/NFI-01301013.png,0
NFI-01304013.png,13,4,2,13,genuine/NFI-01302013.png,0
NFI-01304013.png,13,4,3,13,genuine/NFI-01303013.png,0
NFI-01304013.png,13,4,4,13,genuine/NFI-01304013.png,0
NFI-01304013.png,13,4,5,13,genuine/NFI-01305013.png,0
NFI-01305013.png,13,5,1,4,forged/NFI-00401013.png,1
NFI-01305013.png,13,5,2,4,forged/NFI-00402013.png,1
NFI-01305013.png,13,5,3,4,forged/NFI-00403013.png,1
NFI-01305013.png,13,5,4,4,forged/NFI-00404013.png,1
NFI-01305013.png,13,5,5,4,forged/NFI-00405013.png,1
NFI-01305013.png,13,5,1,13,genuine/NFI-01301013.png,0
NFI-01305013.png,13,5,2,13,genuine/NFI-01302013.png,0
NFI-01305013.png,13,5,3,13,genuine/NFI-01303013.png,0
NFI-01305013.png,13,5,4,13,genuine/NFI-01304013.png,0
NFI-01305013.png,13,5,5,13,genuine/NFI-01305013.png,0
NFI-01401014.png,14,1,1,1,forged/NFI-00101014.png,1
NFI-01401014.png,14,1,2,1,forged/NFI-00102014.png,1
NFI-01401014.png,14,1,3,1,forged/NFI-00103014.png,1
NFI-01401014.png,14,1,4,1,forged/NFI-00104014.png,1
NFI-01401014.png,14,1,5,1,forged/NFI-00105014.png,1
NFI-01401014.png,14,1,1,14,genuine/NFI-01401014.png,0
NFI-01401014.png,14,1,2,14,genuine/NFI-01402014.png,0
NFI-01401014.png,14,1,3,14,genuine/NFI-01403014.png,0
NFI-01401014.png,14,1,4,14,genuine/NFI-01404014.png,0
NFI-01401014.png,14,1,5,14,genuine/NFI-01405014.png,0
NFI-01402014.png,14,2,1,1,forged/NFI-00101014.png,1
NFI-01402014.png,14,2,2,1,forged/NFI-00102014.png,1
NFI-01402014.png,14,2,3,1,forged/NFI-00103014.png,1
NFI-01402014.png,14,2,4,1,forged/NFI-00104014.png,1
NFI-01402014.png,14,2,5,1,forged/NFI-00105014.png,1
NFI-01402014.png,14,2,1,14,genuine/NFI-01401014.png,0
NFI-01402014.png,14,2,2,14,genuine/NFI-01402014.png,0
NFI-01402014.png,14,2,3,14,genuine/NFI-01403014.png,0
NFI-01402014.png,14,2,4,14,genuine/NFI-01404014.png,0
NFI-01402014.png,14,2,5,14,genuine/NFI-01405014.png,0
NFI-01403014.png,14,3,1,1,forged/NFI-00101014.png,1
NFI-01403014.png,14,3,2,1,forged/NFI-00102014.png,1
NFI-01403014.png,14,3,3,1,forged/NFI-00103014.png,1
NFI-01403014.png,14,3,4,1,forged/NFI-00104014.png,1
NFI-01403014.png,14,3,5,1,forged/NFI-00105014.png,1
NFI-01403014.png,14,3,1,14,genuine/NFI-01401014.png,0
NFI-01403014.png,14,3,2,14,genuine/NFI-01402014.png,0
NFI-01403014.png,14,3,3,14,genuine/NFI-01403014.png,0
NFI-01403014.png,14,3,4,14,genuine/NFI-01404014.png,0
NFI-01403014.png,14,3,5,14,genuine/NFI-01405014.png,0
NFI-01404014.png,14,4,1,1,forged/NFI-00101014.png,1
NFI-01404014.png,14,4,2,1,forged/NFI-00102014.png,1
NFI-01404014.png,14,4,3,1,forged/NFI-00103014.png,1
NFI-01404014.png,14,4,4,1,forged/NFI-00104014.png,1
NFI-01404014.png,14,4,5,1,forged/NFI-00105014.png,1
NFI-01404014.png,14,4,1,14,genuine/NFI-01401014.png,0
NFI-01404014.png,14,4,2,14,genuine/NFI-01402014.png,0
NFI-01404014.png,14,4,3,14,genuine/NFI-01403014.png,0
NFI-01404014.png,14,4,4,14,genuine/NFI-01404014.png,0
NFI-01404014.png,14,4,5,14,genuine/NFI-01405014.png,0
NFI-01405014.png,14,5,1,1,forged/NFI-00101014.png,1
NFI-01405014.png,14,5,2,1,forged/NFI-00102014.png,1
NFI-01405014.png,14,5,3,1,forged/NFI-00103014.png,1
NFI-01405014.png,14,5,4,1,forged/NFI-00104014.png,1
NFI-01405014.png,14,5,5,1,forged/NFI-00105014.png,1
NFI-01405014.png,14,5,1,14,genuine/NFI-01401014.png,0
NFI-01405014.png,14,5,2,14,genuine/NFI-01402014.png,0
NFI-01405014.png,14,5,3,14,genuine/NFI-01403014.png,0
NFI-01405014.png,14,5,4,14,genuine/NFI-01404014.png,0
NFI-01405014.png,14,5,5,14,genuine/NFI-01405014.png,0
NFI-01501015.png,15,1,1,5,forged/NFI-00501015.png,1
NFI-01501015.png,15,1,2,5,forged/NFI-00502015.png,1
NFI-01501015.png,15,1,3,5,forged/NFI-00503015.png,1
NFI-01501015.png,15,1,4,5,forged/NFI-00504015.png,1
NFI-01501015.png,15,1,5,5,forged/NFI-00505015.png,1
NFI-01501015.png,15,1,1,15,genuine/NFI-01501015.png,0
NFI-01501015.png,15,1,2,15,genuine/NFI-01502015.png,0
NFI-01501015.png,15,1,3,15,genuine/NFI-01503015.png,0
NFI-01501015.png,15,1,4,15,genuine/NFI-01504015.png,0
NFI-01501015.png,15,1,5,15,genuine/NFI-01505015.png,0
NFI-01502015.png,15,2,1,5,forged/NFI-00501015.png,1
NFI-01502015.png,15,2,2,5,forged/NFI-00502015.png,1
NFI-01502015.png,15,2,3,5,forged/NFI-00503015.png,1
NFI-01502015.png,15,2,4,5,forged/NFI-00504015.png,1
NFI-01502015.png,15,2,5,5,forged/NFI-00505015.png,1
NFI-01502015.png,15,2,1,15,genuine/NFI-01501015.png,0
NFI-01502015.png,15,2,2,15,genuine/NFI-01502015.png,0
NFI-01502015.png,15,2,3,15,genuine/NFI-01503015.png,0
NFI-01502015.png,15,2,4,15,genuine/NFI-01504015.png,0
NFI-01502015.png,15,2,5,15,genuine/NFI-01505015.png,0
NFI-01503015.png,15,3,1,5,forged/NFI-00501015.png,1
NFI-01503015.png,15,3,2,5,forged/NFI-00502015.png,1
NFI-01503015.png,15,3,3,5,forged/NFI-00503015.png,1
NFI-01503015.png,15,3,4,5,forged/NFI-00504015.png,1
NFI-01503015.png,15,3,5,5,forged/NFI-00505015.png,1
NFI-01503015.png,15,3,1,15,genuine/NFI-01501015.png,0
NFI-01503015.png,15,3,2,15,genuine/NFI-01502015.png,0
NFI-01503015.png,15,3,3,15,genuine/NFI-01503015.png,0
NFI-01503015.png,15,3,4,15,genuine/NFI-01504015.png,0
NFI-01503015.png,15,3,5,15,genuine/NFI-01505015.png,0
NFI-01504015.png,15,4,1,5,forged/NFI-00501015.png,1
NFI-01504015.png,15,4,2,5,forged/NFI-00502015.png,1
NFI-01504015.png,15,4,3,5,forged/NFI-00503015.png,1
NFI-01504015.png,15,4,4,5,forged/NFI-00504015.png,1
NFI-01504015.png,15,4,5,5,forged/NFI-00505015.png,1
NFI-01504015.png,15,4,1,15,genuine/NFI-01501015.png,0
NFI-01504015.png,15,4,2,15,genuine/NFI-01502015.png,0
NFI-01504015.png,15,4,3,15,genuine/NFI-01503015.png,0
NFI-01504015.png,15,4,4,15,genuine/NFI-01504015.png,0
NFI-01504015.png,15,4,5,15,genuine/NFI-01505015.png,0
NFI-01505015.png,15,5,1,5,forged/NFI-00501015.png,1
NFI-01505015.png,15,5,2,5,forged/NFI-00502015.png,1
NFI-01505015.png,15,5,3,5,forged/NFI-00503015.png,1
NFI-01505015.png,15,5,4,5,forged/NFI-00504015.png,1
NFI-01505015.png,15,5,5,5,forged/NFI-00505015.png,1
NFI-01505015.png,15,5,1,15,genuine/NFI-01501015.png,0
NFI-01505015.png,15,5,2,15,genuine/NFI-01502015.png,0
NFI-01505015.png,15,5,3,15,genuine/NFI-01503015.png,0
NFI-01505015.png,15,5,4,15,genuine/NFI-01504015.png,0
NFI-01505015.png,15,5,5,15,genuine/NFI-01505015.png,0
NFI-01601016.png,16,1,1,11,forged/NFI-01101016.png,1
NFI-01601016.png,16,1,2,11,forged/NFI-01102016.png,1
NFI-01601016.png,16,1,3,11,forged/NFI-01103016.png,1
NFI-01601016.png,16,1,4,11,forged/NFI-01104016.png,1
NFI-01601016.png,16,1,5,11,forged/NFI-01105016.png,1
NFI-01601016.png,16,1,1,16,genuine/NFI-01601016.png,0
NFI-01601016.png,16,1,2,16,genuine/NFI-01602016.png,0
NFI-01601016.png,16,1,3,16,genuine/NFI-01603016.png,0
NFI-01601016.png,16,1,4,16,genuine/NFI-01604016.png,0
NFI-01601016.png,16,1,5,16,genuine/NFI-01605016.png,0
NFI-01602016.png,16,2,1,11,forged/NFI-01101016.png,1
NFI-01602016.png,16,2,2,11,forged/NFI-01102016.png,1
NFI-01602016.png,16,2,3,11,forged/NFI-01103016.png,1
NFI-01602016.png,16,2,4,11,forged/NFI-01104016.png,1
NFI-01602016.png,16,2,5,11,forged/NFI-01105016.png,1
NFI-01602016.png,16,2,1,16,genuine/NFI-01601016.png,0
NFI-01602016.png,16,2,2,16,genuine/NFI-01602016.png,0
NFI-01602016.png,16,2,3,16,genuine/NFI-01603016.png,0
NFI-01602016.png,16,2,4,16,genuine/NFI-01604016.png,0
NFI-01602016.png,16,2,5,16,genuine/NFI-01605016.png,0
NFI-01603016.png,16,3,1,11,forged/NFI-01101016.png,1
NFI-01603016.png,16,3,2,11,forged/NFI-01102016.png,1
NFI-01603016.png,16,3,3,11,forged/NFI-01103016.png,1
NFI-01603016.png,16,3,4,11,forged/NFI-01104016.png,1
NFI-01603016.png,16,3,5,11,forged/NFI-01105016.png,1
NFI-01603016.png,16,3,1,16,genuine/NFI-01601016.png,0
NFI-01603016.png,16,3,2,16,genuine/NFI-01602016.png,0
NFI-01603016.png,16,3,3,16,genuine/NFI-01603016.png,0
NFI-01603016.png,16,3,4,16,genuine/NFI-01604016.png,0
NFI-01603016.png,16,3,5,16,genuine/NFI-01605016.png,0
NFI-01604016.png,16,4,1,11,forged/NFI-01101016.png,1
NFI-01604016.png,16,4,2,11,forged/NFI-01102016.png,1
NFI-01604016.png,16,4,3,11,forged/NFI-01103016.png,1
NFI-01604016.png,16,4,4,11,forged/NFI-01104016.png,1
NFI-01604016.png,16,4,5,11,forged/NFI-01105016.png,1
NFI-01604016.png,16,4,1,16,genuine/NFI-01601016.png,0
NFI-01604016.png,16,4,2,16,genuine/NFI-01602016.png,0
NFI-01604016.png,16,4,3,16,genuine/NFI-01603016.png,0
NFI-01604016.png,16,4,4,16,genuine/NFI-01604016.png,0
NFI-01604016.png,16,4,5,16,genuine/NFI-01605016.png,0
NFI-01605016.png,16,5,1,11,forged/NFI-01101016.png,1
NFI-01605016.png,16,5,2,11,forged/NFI-01102016.png,1
NFI-01605016.png,16,5,3,11,forged/NFI-01103016.png,1
NFI-01605016.png,16,5,4,11,forged/NFI-01104016.png,1
NFI-01605016.png,16,5,5,11,forged/NFI-01105016.png,1
NFI-01605016.png,16,5,1,16,genuine/NFI-01601016.png,0
NFI-01605016.png,16,5,2,16,genuine/NFI-01602016.png,0
NFI-01605016.png,16,5,3,16,genuine/NFI-01603016.png,0
NFI-01605016.png,16,5,4,16,genuine/NFI-01604016.png,0
NFI-01605016.png,16,5,5,16,genuine/NFI-01605016.png,0
NFI-01701017.png,17,1,1,13,forged/NFI-01301017.png,1
NFI-01701017.png,17,1,2,13,forged/NFI-01302017.png,1
NFI-01701017.png,17,1,3,13,forged/NFI-01303017.png,1
NFI-01701017.png,17,1,4,13,forged/NFI-01304017.png,1
NFI-01701017.png,17,1,5,13,forged/NFI-01305017.png,1
NFI-01701017.png,17,1,1,17,genuine/NFI-01701017.png,0
NFI-01701017.png,17,1,2,17,genuine/NFI-01702017.png,0
NFI-01701017.png,17,1,3,17,genuine/NFI-01703017.png,0
NFI-01701017.png,17,1,4,17,genuine/NFI-01704017.png,0
NFI-01701017.png,17,1,5,17,genuine/NFI-01705017.png,0
NFI-01702017.png,17,2,1,13,forged/NFI-01301017.png,1
NFI-01702017.png,17,2,2,13,forged/NFI-01302017.png,1
NFI-01702017.png,17,2,3,13,forged/NFI-01303017.png,1
NFI-01702017.png,17,2,4,13,forged/NFI-01304017.png,1
NFI-01702017.png,17,2,5,13,forged/NFI-01305017.png,1
NFI-01702017.png,17,2,1,17,genuine/NFI-01701017.png,0
NFI-01702017.png,17,2,2,17,genuine/NFI-01702017.png,0
NFI-01702017.png,17,2,3,17,genuine/NFI-01703017.png,0
NFI-01702017.png,17,2,4,17,genuine/NFI-01704017.png,0
NFI-01702017.png,17,2,5,17,genuine/NFI-01705017.png,0
NFI-01703017.png,17,3,1,13,forged/NFI-01301017.png,1
NFI-01703017.png,17,3,2,13,forged/NFI-01302017.png,1
NFI-01703017.png,17,3,3,13,forged/NFI-01303017.png,1
NFI-01703017.png,17,3,4,13,forged/NFI-01304017.png,1
NFI-01703017.png,17,3,5,13,forged/NFI-01305017.png,1
NFI-01703017.png,17,3,1,17,genuine/NFI-01701017.png,0
NFI-01703017.png,17,3,2,17,genuine/NFI-01702017.png,0
NFI-01703017.png,17,3,3,17,genuine/NFI-01703017.png,0
NFI-01703017.png,17,3,4,17,genuine/NFI-01704017.png,0
NFI-01703017.png,17,3,5,17,genuine/NFI-01705017.png,0
NFI-01704017.png,17,4,1,13,forged/NFI-01301017.png,1
NFI-01704017.png,17,4,2,13,forged/NFI-01302017.png,1
NFI-01704017.png,17,4,3,13,forged/NFI-01303017.png,1
NFI-01704017.png,17,4,4,13,forged/NFI-01304017.png,1
NFI-01704017.png,17,4,5,13,forged/NFI-01305017.png,1
NFI-01704017.png,17,4,1,17,genuine/NFI-01701017.png,0
NFI-01704017.png,17,4,2,17,genuine/NFI-01702017.png,0
NFI-01704017.png,17,4,3,17,genuine/NFI-01703017.png,0
NFI-01704017.png,17,4,4,17,genuine/NFI-01704017.png,0
NFI-01704017.png,17,4,5,17,genuine/NFI-01705017.png,0
NFI-01705017.png,17,5,1,13,forged/NFI-01301017.png,1
NFI-01705017.png,17,5,2,13,forged/NFI-01302017.png,1
NFI-01705017.png,17,5,3,13,forged/NFI-01303017.png,1
NFI-01705017.png,17,5,4,13,forged/NFI-01304017.png,1
NFI-01705017.png,17,5,5,13,forged/NFI-01305017.png,1
NFI-01705017.png,17,5,1,17,genuine/NFI-01701017.png,0
NFI-01705017.png,17,5,2,17,genuine/NFI-01702017.png,0
NFI-01705017.png,17,5,3,17,genuine/NFI-01703017.png,0
NFI-01705017.png,17,5,4,17,genuine/NFI-01704017.png,0
NFI-01705017.png,17,5,5,17,genuine/NFI-01705017.png,0
NFI-01801018.png,18,1,1,3,forged/NFI-00301018.png,1
NFI-01801018.png,18,1,2,3,forged/NFI-00302018.png,1
NFI-01801018.png,18,1,3,3,forged/NFI-00303018.png,1
NFI-01801018.png,18,1,4,3,forged/NFI-00304018.png,1
NFI-01801018.png,18,1,5,3,forged/NFI-00305018.png,1
NFI-01801018.png,18,1,1,18,genuine/NFI-01801018.png,0
NFI-01801018.png,18,1,2,18,genuine/NFI-01802018.png,0
NFI-01801018.png,18,1,3,18,genuine/NFI-01803018.png,0
NFI-01801018.png,18,1,4,18,genuine/NFI-01804018.png,0
NFI-01801018.png,18,1,5,18,genuine/NFI-01805018.png,0
NFI-01802018.png,18,2,1,3,forged/NFI-00301018.png,1
NFI-01802018.png,18,2,2,3,forged/NFI-00302018.png,1
NFI-01802018.png,18,2,3,3,forged/NFI-00303018.png,1
NFI-01802018.png,18,2,4,3,forged/NFI-00304018.png,1
NFI-01802018.png,18,2,5,3,forged/NFI-00305018.png,1
NFI-01802018.png,18,2,1,18,genuine/NFI-01801018.png,0
NFI-01802018.png,18,2,2,18,genuine/NFI-01802018.png,0
NFI-01802018.png,18,2,3,18,genuine/NFI-01803018.png,0
NFI-01802018.png,18,2,4,18,genuine/NFI-01804018.png,0
NFI-01802018.png,18,2,5,18,genuine/NFI-01805018.png,0
NFI-01803018.png,18,3,1,3,forged/NFI-00301018.png,1
NFI-01803018.png,18,3,2,3,forged/NFI-00302018.png,1
NFI-01803018.png,18,3,3,3,forged/NFI-00303018.png,1
NFI-01803018.png,18,3,4,3,forged/NFI-00304018.png,1
NFI-01803018.png,18,3,5,3,forged/NFI-00305018.png,1
NFI-01803018.png,18,3,1,18,genuine/NFI-01801018.png,0
NFI-01803018.png,18,3,2,18,genuine/NFI-01802018.png,0
NFI-01803018.png,18,3,3,18,genuine/NFI-01803018.png,0
NFI-01803018.png,18,3,4,18,genuine/NFI-01804018.png,0
NFI-01803018.png,18,3,5,18,genuine/NFI-01805018.png,0
NFI-01804018.png,18,4,1,3,forged/NFI-00301018.png,1
NFI-01804018.png,18,4,2,3,forged/NFI-00302018.png,1
NFI-01804018.png,18,4,3,3,forged/NFI-00303018.png,1
NFI-01804018.png,18,4,4,3,forged/NFI-00304018.png,1
NFI-01804018.png,18,4,5,3,forged/NFI-00305018.png,1
NFI-01804018.png,18,4,1,18,genuine/NFI-01801018.png,0
NFI-01804018.png,18,4,2,18,genuine/NFI-01802018.png,0
NFI-01804018.png,18,4,3,18,genuine/NFI-01803018.png,0
NFI-01804018.png,18,4,4,18,genuine/NFI-01804018.png,0
NFI-01804018.png,18,4,5,18,genuine/NFI-01805018.png,0
NFI-01805018.png,18,5,1,3,forged/NFI-00301018.png,1
NFI-01805018.png,18,5,2,3,forged/NFI-00302018.png,1
NFI-01805018.png,18,5,3,3,forged/NFI-00303018.png,1
NFI-01805018.png,18,5,4,3,forged/NFI-00304018.png,1
NFI-01805018.png,18,5,5,3,forged/NFI-00305018.png,1
NFI-01805018.png,18,5,1,18,genuine/NFI-01801018.png,0
NFI-01805018.png,18,5,2,18,genuine/NFI-01802018.png,0
NFI-01805018.png,18,5,3,18,genuine/NFI-01803018.png,0
NFI-01805018.png,18,5,4,18,genuine/NFI-01804018.png,0
NFI-01805018.png,18,5,5,18,genuine/NFI-01805018.png,0
NFI-01901019.png,19,1,1,1,forged/NFI-00101019.png,1
NFI-01901019.png,19,1,2,1,forged/NFI-00102019.png,1
NFI-01901019.png,19,1,3,1,forged/NFI-00103019.png,1
NFI-01901019.png,19,1,4,1,forged/NFI-00104019.png,1
NFI-01901019.png,19,1,5,1,forged/NFI-00105019.png,1
NFI-01901019.png,19,1,1,19,genuine/NFI-01901019.png,0
NFI-01901019.png,19,1,2,19,genuine/NFI-01902019.png,0
NFI-01901019.png,19,1,3,19,genuine/NFI-01903019.png,0
NFI-01901019.png,19,1,4,19,genuine/NFI-01904019.png,0
NFI-01901019.png,19,1,5,19,genuine/NFI-01905019.png,0
NFI-01902019.png,19,2,1,1,forged/NFI-00101019.png,1
NFI-01902019.png,19,2,2,1,forged/NFI-00102019.png,1
NFI-01902019.png,19,2,3,1,forged/NFI-00103019.png,1
NFI-01902019.png,19,2,4,1,forged/NFI-00104019.png,1
NFI-01902019.png,19,2,5,1,forged/NFI-00105019.png,1
NFI-01902019.png,19,2,1,19,genuine/NFI-01901019.png,0
NFI-01902019.png,19,2,2,19,genuine/NFI-01902019.png,0
NFI-01902019.png,19,2,3,19,genuine/NFI-01903019.png,0
NFI-01902019.png,19,2,4,19,genuine/NFI-01904019.png,0
NFI-01902019.png,19,2,5,19,genuine/NFI-01905019.png,0
NFI-01903019.png,19,3,1,1,forged/NFI-00101019.png,1
NFI-01903019.png,19,3,2,1,forged/NFI-00102019.png,1
NFI-01903019.png,19,3,3,1,forged/NFI-00103019.png,1
NFI-01903019.png,19,3,4,1,forged/NFI-00104019.png,1
NFI-01903019.png,19,3,5,1,forged/NFI-00105019.png,1
NFI-01903019.png,19,3,1,19,genuine/NFI-01901019.png,0
NFI-01903019.png,19,3,2,19,genuine/NFI-01902019.png,0
NFI-01903019.png,19,3,3,19,genuine/NFI-01903019.png,0
NFI-01903019.png,19,3,4,19,genuine/NFI-01904019.png,0
NFI-01903019.png,19,3,5,19,genuine/NFI-01905019.png,0
NFI-01904019.png,19,4,1,1,forged/NFI-00101019.png,1
NFI-01904019.png,19,4,2,1,forged/NFI-00102019.png,1
NFI-01904019.png,19,4,3,1,forged/NFI-00103019.png,1
NFI-01904019.png,19,4,4,1,forged/NFI-00104019.png,1
NFI-01904019.png,19,4,5,1,forged/NFI-00105019.png,1
NFI-01904019.png,19,4,1,19,genuine/NFI-01901019.png,0
NFI-01904019.png,19,4,2,19,genuine/NFI-01902019.png,0
NFI-01904019.png,19,4,3,19,genuine/NFI-01903019.png,0
NFI-01904019.png,19,4,4,19,genuine/NFI-01904019.png,0
NFI-01904019.png,19,4,5,19,genuine/NFI-01905019.png,0
NFI-01905019.png,19,5,1,1,forged/NFI-00101019.png,1
NFI-01905019.png,19,5,2,1,forged/NFI-00102019.png,1
NFI-01905019.png,19,5,3,1,forged/NFI-00103019.png,1
NFI-01905019.png,19,5,4,1,forged/NFI-00104019.png,1
NFI-01905019.png,19,5,5,1,forged/NFI-00105019.png,1
NFI-01905019.png,19,5,1,19,genuine/NFI-01901019.png,0
NFI-01905019.png,19,5,2,19,genuine/NFI-01902019.png,0
NFI-01905019.png,19,5,3,19,genuine/NFI-01903019.png,0
NFI-01905019.png,19,5,4,19,genuine/NFI-01904019.png,0
NFI-01905019.png,19,5,5,19,genuine/NFI-01905019.png,0
NFI-02001020.png,20,1,1,17,forged/NFI-01701020.png,1
NFI-02001020.png,20,1,2,17,forged/NFI-01702020.png,1
NFI-02001020.png,20,1,3,17,forged/NFI-01703020.png,1
NFI-02001020.png,20,1,4,17,forged/NFI-01704020.png,1
NFI-02001020.png,20,1,5,17,forged/NFI-01705020.png,1
NFI-02001020.png,20,1,1,20,genuine/NFI-02001020.png,0
NFI-02001020.png,20,1,2,20,genuine/NFI-02002020.png,0
NFI-02001020.png,20,1,3,20,genuine/NFI-02003020.png,0
NFI-02001020.png,20,1,4,20,genuine/NFI-02004020.png,0
NFI-02001020.png,20,1,5,20,genuine/NFI-02005020.png,0
NFI-02002020.png,20,2,1,17,forged/NFI-01701020.png,1
NFI-02002020.png,20,2,2,17,forged/NFI-01702020.png,1
NFI-02002020.png,20,2,3,17,forged/NFI-01703020.png,1
NFI-02002020.png,20,2,4,17,forged/NFI-01704020.png,1
NFI-02002020.png,20,2,5,17,forged/NFI-01705020.png,1
NFI-02002020.png,20,2,1,20,genuine/NFI-02001020.png,0
NFI-02002020.png,20,2,2,20,genuine/NFI-02002020.png,0
NFI-02002020.png,20,2,3,20,genuine/NFI-02003020.png,0
NFI-02002020.png,20,2,4,20,genuine/NFI-02004020.png,0
NFI-02002020.png,20,2,5,20,genuine/NFI-02005020.png,0
NFI-02003020.png,20,3,1,17,forged/NFI-01701020.png,1
NFI-02003020.png,20,3,2,17,forged/NFI-01702020.png,1
NFI-02003020.png,20,3,3,17,forged/NFI-01703020.png,1
NFI-02003020.png,20,3,4,17,forged/NFI-01704020.png,1
NFI-02003020.png,20,3,5,17,forged/NFI-01705020.png,1
NFI-02003020.png,20,3,1,20,genuine/NFI-02001020.png,0
NFI-02003020.png,20,3,2,20,genuine/NFI-02002020.png,0
NFI-02003020.png,20,3,3,20,genuine/NFI-02003020.png,0
NFI-02003020.png,20,3,4,20,genuine/NFI-02004020.png,0
NFI-02003020.png,20,3,5,20,genuine/NFI-02005020.png,0
NFI-02004020.png,20,4,1,17,forged/NFI-01701020.png,1
NFI-02004020.png,20,4,2,17,forged/NFI-01702020.png,1
NFI-02004020.png,20,4,3,17,forged/NFI-01703020.png,1
NFI-02004020.png,20,4,4,17,forged/NFI-01704020.png,1
NFI-02004020.png,20,4,5,17,forged/NFI-01705020.png,1
NFI-02004020.png,20,4,1,20,genuine/NFI-02001020.png,0
NFI-02004020.png,20,4,2,20,genuine/NFI-02002020.png,0
NFI-02004020.png,20,4,3,20,genuine/NFI-02003020.png,0
NFI-02004020.png,20,4,4,20,genuine/NFI-02004020.png,0
NFI-02004020.png,20,4,5,20,genuine/NFI-02005020.png,0
NFI-02005020.png,20,5,1,17,forged/NFI-01701020.png,1
NFI-02005020.png,20,5,2,17,forged/NFI-01702020.png,1
NFI-02005020.png,20,5,3,17,forged/NFI-01703020.png,1
NFI-02005020.png,20,5,4,17,forged/NFI-01704020.png,1
NFI-02005020.png,20,5,5,17,forged/NFI-01705020.png,1
NFI-02005020.png,20,5,1,20,genuine/NFI-02001020.png,0
NFI-02005020.png,20,5,2,20,genuine/NFI-02002020.png,0
NFI-02005020.png,20,5,3,20,genuine/NFI-02003020.png,0
NFI-02005020.png,20,5,4,20,genuine/NFI-02004020.png,0
NFI-02005020.png,20,5,5,20,genuine/NFI-02005020.png,0
NFI-02101021.png,21,1,1,12,forged/NFI-01201021.png,1
NFI-02101021.png,21,1,2,12,forged/NFI-01202021.png,1
NFI-02101021.png,21,1,3,12,forged/NFI-01203021.png,1
NFI-02101021.png,21,1,4,12,forged/NFI-01204021.png,1
NFI-02101021.png,21,1,5,12,forged/NFI-01205021.png,1
NFI-02101021.png,21,1,1,21,genuine/NFI-02101021.png,0
NFI-02101021.png,21,1,2,21,genuine/NFI-02102021.png,0
NFI-02101021.png,21,1,3,21,genuine/NFI-02103021.png,0
NFI-02101021.png,21,1,4,21,genuine/NFI-02104021.png,0
NFI-02101021.png,21,1,5,21,genuine/NFI-02105021.png,0
NFI-02102021.png,21,2,1,12,forged/NFI-01201021.png,1
NFI-02102021.png,21,2,2,12,forged/NFI-01202021.png,1
NFI-02102021.png,21,2,3,12,forged/NFI-01203021.png,1
NFI-02102021.png,21,2,4,12,forged/NFI-01204021.png,1
NFI-02102021.png,21,2,5,12,forged/NFI-01205021.png,1
NFI-02102021.png,21,2,1,21,genuine/NFI-02101021.png,0
NFI-02102021.png,21,2,2,21,genuine/NFI-02102021.png,0
NFI-02102021.png,21,2,3,21,genuine/NFI-02103021.png,0
NFI-02102021.png,21,2,4,21,genuine/NFI-02104021.png,0
NFI-02102021.png,21,2,5,21,genuine/NFI-02105021.png,0
NFI-02103021.png,21,3,1,12,forged/NFI-01201021.png,1
NFI-02103021.png,21,3,2,12,forged/NFI-01202021.png,1
NFI-02103021.png,21,3,3,12,forged/NFI-01203021.png,1
NFI-02103021.png,21,3,4,12,forged/NFI-01204021.png,1
NFI-02103021.png,21,3,5,12,forged/NFI-01205021.png,1
NFI-02103021.png,21,3,1,21,genuine/NFI-02101021.png,0
NFI-02103021.png,21,3,2,21,genuine/NFI-02102021.png,0
NFI-02103021.png,21,3,3,21,genuine/NFI-02103021.png,0
NFI-02103021.png,21,3,4,21,genuine/NFI-02104021.png,0
NFI-02103021.png,21,3,5,21,genuine/NFI-02105021.png,0
NFI-02104021.png,21,4,1,12,forged/NFI-01201021.png,1
NFI-02104021.png,21,4,2,12,forged/NFI-01202021.png,1
NFI-02104021.png,21,4,3,12,forged/NFI-01203021.png,1
NFI-02104021.png,21,4,4,12,forged/NFI-01204021.png,1
NFI-02104021.png,21,4,5,12,forged/NFI-01205021.png,1
NFI-02104021.png,21,4,1,21,genuine/NFI-02101021.png,0
NFI-02104021.png,21,4,2,21,genuine/NFI-02102021.png,0
NFI-02104021.png,21,4,3,21,genuine/NFI-02103021.png,0
NFI-02104021.png,21,4,4,21,genuine/NFI-02104021.png,0
NFI-02104021.png,21,4,5,21,genuine/NFI-02105021.png,0
NFI-02105021.png,21,5,1,12,forged/NFI-01201021.png,1
NFI-02105021.png,21,5,2,12,forged/NFI-01202021.png,1
NFI-02105021.png,21,5,3,12,forged/NFI-01203021.png,1
NFI-02105021.png,21,5,4,12,forged/NFI-01204021.png,1
NFI-02105021.png,21,5,5,12,forged/NFI-01205021.png,1
NFI-02105021.png,21,5,1,21,genuine/NFI-02101021.png,0
NFI-02105021.png,21,5,2,21,genuine/NFI-02102021.png,0
NFI-02105021.png,21,5,3,21,genuine/NFI-02103021.png,0
NFI-02105021.png,21,5,4,21,genuine/NFI-02104021.png,0
NFI-02105021.png,21,5,5,21,genuine/NFI-02105021.png,0
NFI-02201022.png,22,1,1,5,forged/NFI-00501022.png,1
NFI-02201022.png,22,1,2,5,forged/NFI-00502022.png,1
NFI-02201022.png,22,1,3,5,forged/NFI-00503022.png,1
NFI-02201022.png,22,1,4,5,forged/NFI-00504022.png,1
NFI-02201022.png,22,1,5,5,forged/NFI-00505022.png,1
NFI-02201022.png,22,1,1,22,genuine/NFI-02201022.png,0
NFI-02201022.png,22,1,2,22,genuine/NFI-02202022.png,0
NFI-02201022.png,22,1,3,22,genuine/NFI-02203022.png,0
NFI-02201022.png,22,1,4,22,genuine/NFI-02204022.png,0
NFI-02201022.png,22,1,5,22,genuine/NFI-02205022.png,0
NFI-02202022.png,22,2,1,5,forged/NFI-00501022.png,1
NFI-02202022.png,22,2,2,5,forged/NFI-00502022.png,1
NFI-02202022.png,22,2,3,5,forged/NFI-00503022.png,1
NFI-02202022.png,22,2,4,5,forged/NFI-00504022.png,1
NFI-02202022.png,22,2,5,5,forged/NFI-00505022.png,1
NFI-02202022.png,22,2,1,22,genuine/NFI-02201022.png,0
NFI-02202022.png,22,2,2,22,genuine/NFI-02202022.png,0
NFI-02202022.png,22,2,3,22,genuine/NFI-02203022.png,0
NFI-02202022.png,22,2,4,22,genuine/NFI-02204022.png,0
NFI-02202022.png,22,2,5,22,genuine/NFI-02205022.png,0
NFI-02203022.png,22,3,1,5,forged/NFI-00501022.png,1
NFI-02203022.png,22,3,2,5,forged/NFI-00502022.png,1
NFI-02203022.png,22,3,3,5,forged/NFI-00503022.png,1
NFI-02203022.png,22,3,4,5,forged/NFI-00504022.png,1
NFI-02203022.png,22,3,5,5,forged/NFI-00505022.png,1
NFI-02203022.png,22,3,1,22,genuine/NFI-02201022.png,0
NFI-02203022.png,22,3,2,22,genuine/NFI-02202022.png,0
NFI-02203022.png,22,3,3,22,genuine/NFI-02203022.png,0
NFI-02203022.png,22,3,4,22,genuine/NFI-02204022.png,0
NFI-02203022.png,22,3,5,22,genuine/NFI-02205022.png,0
NFI-02204022.png,22,4,1,5,forged/NFI-00501022.png,1
NFI-02204022.png,22,4,2,5,forged/NFI-00502022.png,1
NFI-02204022.png,22,4,3,5,forged/NFI-00503022.png,1
NFI-02204022.png,22,4,4,5,forged/NFI-00504022.png,1
NFI-02204022.png,22,4,5,5,forged/NFI-00505022.png,1
NFI-02204022.png,22,4,1,22,genuine/NFI-02201022.png,0
NFI-02204022.png,22,4,2,22,genuine/NFI-02202022.png,0
NFI-02204022.png,22,4,3,22,genuine/NFI-02203022.png,0
NFI-02204022.png,22,4,4,22,genuine/NFI-02204022.png,0
NFI-02204022.png,22,4,5,22,genuine/NFI-02205022.png,0
NFI-02205022.png,22,5,1,5,forged/NFI-00501022.png,1
NFI-02205022.png,22,5,2,5,forged/NFI-00502022.png,1
NFI-02205022.png,22,5,3,5,forged/NFI-00503022.png,1
NFI-02205022.png,22,5,4,5,forged/NFI-00504022.png,1
NFI-02205022.png,22,5,5,5,forged/NFI-00505022.png,1
NFI-02205022.png,22,5,1,22,genuine/NFI-02201022.png,0
NFI-02205022.png,22,5,2,22,genuine/NFI-02202022.png,0
NFI-02205022.png,22,5,3,22,genuine/NFI-02203022.png,0
NFI-02205022.png,22,5,4,22,genuine/NFI-02204022.png,0
NFI-02205022.png,22,5,5,22,genuine/NFI-02205022.png,0
NFI-02301023.png,23,1,1,7,forged/NFI-00701023.png,1
NFI-02301023.png,23,1,2,7,forged/NFI-00702023.png,1
NFI-02301023.png,23,1,3,7,forged/NFI-00703023.png,1
NFI-02301023.png,23,1,4,7,forged/NFI-00704023.png,1
NFI-02301023.png,23,1,5,7,forged/NFI-00705023.png,1
NFI-02301023.png,23,1,1,23,genuine/NFI-02301023.png,0
NFI-02301023.png,23,1,2,23,genuine/NFI-02302023.png,0
NFI-02301023.png,23,1,3,23,genuine/NFI-02303023.png,0
NFI-02301023.png,23,1,4,23,genuine/NFI-02304023.png,0
NFI-02301023.png,23,1,5,23,genuine/NFI-02305023.png,0
NFI-02302023.png,23,2,1,7,forged/NFI-00701023.png,1
NFI-02302023.png,23,2,2,7,forged/NFI-00702023.png,1
NFI-02302023.png,23,2,3,7,forged/NFI-00703023.png,1
NFI-02302023.png,23,2,4,7,forged/NFI-00704023.png,1
NFI-02302023.png,23,2,5,7,forged/NFI-00705023.png,1
NFI-02302023.png,23,2,1,23,genuine/NFI-02301023.png,0
NFI-02302023.png,23,2,2,23,genuine/NFI-02302023.png,0
NFI-02302023.png,23,2,3,23,genuine/NFI-02303023.png,0
NFI-02302023.png,23,2,4,23,genuine/NFI-02304023.png,0
NFI-02302023.png,23,2,5,23,genuine/NFI-02305023.png,0
NFI-02303023.png,23,3,1,7,forged/NFI-00701023.png,1
NFI-02303023.png,23,3,2,7,forged/NFI-00702023.png,1
NFI-02303023.png,23,3,3,7,forged/NFI-00703023.png,1
NFI-02303023.png,23,3,4,7,forged/NFI-00704023.png,1
NFI-02303023.png,23,3,5,7,forged/NFI-00705023.png,1
NFI-02303023.png,23,3,1,23,genuine/NFI-02301023.png,0
NFI-02303023.png,23,3,2,23,genuine/NFI-02302023.png,0
NFI-02303023.png,23,3,3,23,genuine/NFI-02303023.png,0
NFI-02303023.png,23,3,4,23,genuine/NFI-02304023.png,0
NFI-02303023.png,23,3,5,23,genuine/NFI-02305023.png,0
NFI-02304023.png,23,4,1,7,forged/NFI-00701023.png,1
NFI-02304023.png,23,4,2,7,forged/NFI-00702023.png,1
NFI-02304023.png,23,4,3,7,forged/NFI-00703023.png,1
NFI-02304023.png,23,4,4,7,forged/NFI-00704023.png,1
NFI-02304023.png,23,4,5,7,forged/NFI-00705023.png,1
NFI-02304023.png,23,4,1,23,genuine/NFI-02301023.png,0
NFI-02304023.png,23,4,2,23,genuine/NFI-02302023.png,0
NFI-02304023.png,23,4,3,23,genuine/NFI-02303023.png,0
NFI-02304023.png,23,4,4,23,genuine/NFI-02304023.png,0
NFI-02304023.png,23,4,5,23,genuine/NFI-02305023.png,0
NFI-02305023.png,23,5,1,7,forged/NFI-00701023.png,1
NFI-02305023.png,23,5,2,7,forged/NFI-00702023.png,1
NFI-02305023.png,23,5,3,7,forged/NFI-00703023.png,1
NFI-02305023.png,23,5,4,7,forged/NFI-00704023.png,1
NFI-02305023.png,23,5,5,7,forged/NFI-00705023.png,1
NFI-02305023.png,23,5,1,23,genuine/NFI-02301023.png,0
NFI-02305023.png,23,5,2,23,genuine/NFI-02302023.png,0
NFI-02305023.png,23,5,3,23,genuine/NFI-02303023.png,0
NFI-02305023.png,23,5,4,23,genuine/NFI-02304023.png,0
NFI-02305023.png,23,5,5,23,genuine/NFI-02305023.png,0
NFI-02401024.png,24,1,1,4,forged/NFI-00401024.png,1
NFI-02401024.png,24,1,2,4,forged/NFI-00402024.png,1
NFI-02401024.png,24,1,3,4,forged/NFI-00403024.png,1
NFI-02401024.png,24,1,4,4,forged/NFI-00404024.png,1
NFI-02401024.png,24,1,5,4,forged/NFI-00405024.png,1
NFI-02401024.png,24,1,1,24,genuine/NFI-02401024.png,0
NFI-02401024.png,24,1,2,24,genuine/NFI-02402024.png,0
NFI-02401024.png,24,1,3,24,genuine/NFI-02403024.png,0
NFI-02401024.png,24,1,4,24,genuine/NFI-02404024.png,0
NFI-02401024.png,24,1,5,24,genuine/NFI-02405024.png,0
NFI-02402024.png,24,2,1,4,forged/NFI-00401024.png,1
NFI-02402024.png,24,2,2,4,forged/NFI-00402024.png,1
NFI-02402024.png,24,2,3,4,forged/NFI-00403024.png,1
NFI-02402024.png,24,2,4,4,forged/NFI-00404024.png,1
NFI-02402024.png,24,2,5,4,forged/NFI-00405024.png,1
NFI-02402024.png,24,2,1,24,genuine/NFI-02401024.png,0
NFI-02402024.png,24,2,2,24,genuine/NFI-02402024.png,0
NFI-02402024.png,24,2,3,24,genuine/NFI-02403024.png,0
NFI-02402024.png,24,2,4,24,genuine/NFI-02404024.png,0
NFI-02402024.png,24,2,5,24,genuine/NFI-02405024.png,0
NFI-02403024.png,24,3,1,4,forged/NFI-00401024.png,1
NFI-02403024.png,24,3,2,4,forged/NFI-00402024.png,1
NFI-02403024.png,24,3,3,4,forged/NFI-00403024.png,1
NFI-02403024.png,24,3,4,4,forged/NFI-00404024.png,1
NFI-02403024.png,24,3,5,4,forged/NFI-00405024.png,1
NFI-02403024.png,24,3,1,24,genuine/NFI-02401024.png,0
NFI-02403024.png,24,3,2,24,genuine/NFI-02402024.png,0
NFI-02403024.png,24,3,3,24,genuine/NFI-02403024.png,0
NFI-02403024.png,24,3,4,24,genuine/NFI-02404024.png,0
NFI-02403024.png,24,3,5,24,genuine/NFI-02405024.png,0
NFI-02404024.png,24,4,1,4,forged/NFI-00401024.png,1
NFI-02404024.png,24,4,2,4,forged/NFI-00402024.png,1
NFI-02404024.png,24,4,3,4,forged/NFI-00403024.png,1
NFI-02404024.png,24,4,4,4,forged/NFI-00404024.png,1
NFI-02404024.png,24,4,5,4,forged/NFI-00405024.png,1
NFI-02404024.png,24,4,1,24,genuine/NFI-02401024.png,0
NFI-02404024.png,24,4,2,24,genuine/NFI-02402024.png,0
NFI-02404024.png,24,4,3,24,genuine/NFI-02403024.png,0
NFI-02404024.png,24,4,4,24,genuine/NFI-02404024.png,0
NFI-02404024.png,24,4,5,24,genuine/NFI-02405024.png,0
NFI-02405024.png,24,5,1,4,forged/NFI-00401024.png,1
NFI-02405024.png,24,5,2,4,forged/NFI-00402024.png,1
NFI-02405024.png,24,5,3,4,forged/NFI-00403024.png,1
NFI-02405024.png,24,5,4,4,forged/NFI-00404024.png,1
NFI-02405024.png,24,5,5,4,forged/NFI-00405024.png,1
NFI-02405024.png,24,5,1,24,genuine/NFI-02401024.png,0
NFI-02405024.png,24,5,2,24,genuine/NFI-02402024.png,0
NFI-02405024.png,24,5,3,24,genuine/NFI-02403024.png,0
NFI-02405024.png,24,5,4,24,genuine/NFI-02404024.png,0
NFI-02405024.png,24,5,5,24,genuine/NFI-02405024.png,0
NFI-02501025.PNG,25,1,1,1,forged/NFI-00101025.PNG,1
NFI-02501025.PNG,25,1,2,1,forged/NFI-00102025.PNG,1
NFI-02501025.PNG,25,1,3,1,forged/NFI-00103025.PNG,1
NFI-02501025.PNG,25,1,4,1,forged/NFI-00104025.PNG,1
NFI-02501025.PNG,25,1,5,1,forged/NFI-00105025.PNG,1
NFI-02501025.PNG,25,1,1,25,genuine/NFI-02501025.PNG,0
NFI-02501025.PNG,25,1,2,25,genuine/NFI-02502025.PNG,0
NFI-02501025.PNG,25,1,3,25,genuine/NFI-02503025.PNG,0
NFI-02501025.PNG,25,1,4,25,genuine/NFI-02504025.PNG,0
NFI-02501025.PNG,25,1,5,25,genuine/NFI-02505025.PNG,0
NFI-02502025.PNG,25,2,1,1,forged/NFI-00101025.PNG,1
NFI-02502025.PNG,25,2,2,1,forged/NFI-00102025.PNG,1
NFI-02502025.PNG,25,2,3,1,forged/NFI-00103025.PNG,1
NFI-02502025.PNG,25,2,4,1,forged/NFI-00104025.PNG,1
NFI-02502025.PNG,25,2,5,1,forged/NFI-00105025.PNG,1
NFI-02502025.PNG,25,2,1,25,genuine/NFI-02501025.PNG,0
NFI-02502025.PNG,25,2,2,25,genuine/NFI-02502025.PNG,0
NFI-02502025.PNG,25,2,3,25,genuine/NFI-02503025.PNG,0
NFI-02502025.PNG,25,2,4,25,genuine/NFI-02504025.PNG,0
NFI-02502025.PNG,25,2,5,25,genuine/NFI-02505025.PNG,0
NFI-02503025.PNG,25,3,1,1,forged/NFI-00101025.PNG,1
NFI-02503025.PNG,25,3,2,1,forged/NFI-00102025.PNG,1
NFI-02503025.PNG,25,3,3,1,forged/NFI-00103025.PNG,1
NFI-02503025.PNG,25,3,4,1,forged/NFI-00104025.PNG,1
NFI-02503025.PNG,25,3,5,1,forged/NFI-00105025.PNG,1
NFI-02503025.PNG,25,3,1,25,genuine/NFI-02501025.PNG,0
NFI-02503025.PNG,25,3,2,25,genuine/NFI-02502025.PNG,0
NFI-02503025.PNG,25,3,3,25,genuine/NFI-02503025.PNG,0
NFI-02503025.PNG,25,3,4,25,genuine/NFI-02504025.PNG,0
NFI-02503025.PNG,25,3,5,25,genuine/NFI-02505025.PNG,0
NFI-02504025.PNG,25,4,1,1,forged/NFI-00101025.PNG,1
NFI-02504025.PNG,25,4,2,1,forged/NFI-00102025.PNG,1
NFI-02504025.PNG,25,4,3,1,forged/NFI-00103025.PNG,1
NFI-02504025.PNG,25,4,4,1,forged/NFI-00104025.PNG,1
NFI-02504025.PNG,25,4,5,1,forged/NFI-00105025.PNG,1
NFI-02504025.PNG,25,4,1,25,genuine/NFI-02501025.PNG,0
NFI-02504025.PNG,25,4,2,25,genuine/NFI-02502025.PNG,0
NFI-02504025.PNG,25,4,3,25,genuine/NFI-02503025.PNG,0
NFI-02504025.PNG,25,4,4,25,genuine/NFI-02504025.PNG,0
NFI-02504025.PNG,25,4,5,25,genuine/NFI-02505025.PNG,0
NFI-02505025.PNG,25,5,1,1,forged/NFI-00101025.PNG,1
NFI-02505025.PNG,25,5,2,1,forged/NFI-00102025.PNG,1
NFI-02505025.PNG,25,5,3,1,forged/NFI-00103025.PNG,1
NFI-02505025.PNG,25,5,4,1,forged/NFI-00104025.PNG,1
NFI-02505025.PNG,25,5,5,1,forged/NFI-00105025.PNG,1
NFI-02505025.PNG,25,5,1,25,genuine/NFI-02501025.PNG,0
NFI-02505025.PNG,25,5,2,25,genuine/NFI-02502025.PNG,0
NFI-02505025.PNG,25,5,3,25,genuine/NFI-02503025.PNG,0
NFI-02505025.PNG,25,5,4,25,genuine/NFI-02504025.PNG,0
NFI-02505025.PNG,25,5,5,25,genuine/NFI-02505025.PNG,0
NFI-02601026.PNG,26,1,1,1,forged/NFI-00101026.PNG,1
NFI-02601026.PNG,26,1,2,1,forged/NFI-00102026.PNG,1
NFI-02601026.PNG,26,1,3,1,forged/NFI-00103026.PNG,1
NFI-02601026.PNG,26,1,4,1,forged/NFI-00104026.PNG,1
NFI-02601026.PNG,26,1,5,1,forged/NFI-00105026.PNG,1
NFI-02601026.PNG,26,1,1,26,genuine/NFI-02601026.PNG,0
NFI-02601026.PNG,26,1,2,26,genuine/NFI-02602026.PNG,0
NFI-02601026.PNG,26,1,3,26,genuine/NFI-02603026.PNG,0
NFI-02601026.PNG,26,1,4,26,genuine/NFI-02604026.PNG,0
NFI-02601026.PNG,26,1,5,26,genuine/NFI-02605026.PNG,0
NFI-02602026.PNG,26,2,1,1,forged/NFI-00101026.PNG,1
NFI-02602026.PNG,26,2,2,1,forged/NFI-00102026.PNG,1
NFI-02602026.PNG,26,2,3,1,forged/NFI-00103026.PNG,1
NFI-02602026.PNG,26,2,4,1,forged/NFI-00104026.PNG,1
NFI-02602026.PNG,26,2,5,1,forged/NFI-00105026.PNG,1
NFI-02602026.PNG,26,2,1,26,genuine/NFI-02601026.PNG,0
NFI-02602026.PNG,26,2,2,26,genuine/NFI-02602026.PNG,0
NFI-02602026.PNG,26,2,3,26,genuine/NFI-02603026.PNG,0
NFI-02602026.PNG,26,2,4,26,genuine/NFI-02604026.PNG,0
NFI-02602026.PNG,26,2,5,26,genuine/NFI-02605026.PNG,0
NFI-02603026.PNG,26,3,1,1,forged/NFI-00101026.PNG,1
NFI-02603026.PNG,26,3,2,1,forged/NFI-00102026.PNG,1
NFI-02603026.PNG,26,3,3,1,forged/NFI-00103026.PNG,1
NFI-02603026.PNG,26,3,4,1,forged/NFI-00104026.PNG,1
NFI-02603026.PNG,26,3,5,1,forged/NFI-00105026.PNG,1
NFI-02603026.PNG,26,3,1,26,genuine/NFI-02601026.PNG,0
NFI-02603026.PNG,26,3,2,26,genuine/NFI-02602026.PNG,0
NFI-02603026.PNG,26,3,3,26,genuine/NFI-02603026.PNG,0
NFI-02603026.PNG,26,3,4,26,genuine/NFI-02604026.PNG,0
NFI-02603026.PNG,26,3,5,26,genuine/NFI-02605026.PNG,0
NFI-02604026.PNG,26,4,1,1,forged/NFI-00101026.PNG,1
NFI-02604026.PNG,26,4,2,1,forged/NFI-00102026.PNG,1
NFI-02604026.PNG,26,4,3,1,forged/NFI-00103026.PNG,1
NFI-02604026.PNG,26,4,4,1,forged/NFI-00104026.PNG,1
NFI-02604026.PNG,26,4,5,1,forged/NFI-00105026.PNG,1
NFI-02604026.PNG,26,4,1,26,genuine/NFI-02601026.PNG,0
NFI-02604026.PNG,26,4,2,26,genuine/NFI-02602026.PNG,0
NFI-02604026.PNG,26,4,3,26,genuine/NFI-02603026.PNG,0
NFI-02604026.PNG,26,4,4,26,genuine/NFI-02604026.PNG,0
NFI-02604026.PNG,26,4,5,26,genuine/NFI-02605026.PNG,0
NFI-02605026.PNG,26,5,1,1,forged/NFI-00101026.PNG,1
NFI-02605026.PNG,26,5,2,1,forged/NFI-00102026.PNG,1
NFI-02605026.PNG,26,5,3,1,forged/NFI-00103026.PNG,1
NFI-02605026.PNG,26,5,4,1,forged/NFI-00104026.PNG,1
NFI-02605026.PNG,26,5,5,1,forged/NFI-00105026.PNG,1
NFI-02605026.PNG,26,5,1,26,genuine/NFI-02601026.PNG,0
NFI-02605026.PNG,26,5,2,26,genuine/NFI-02602026.PNG,0
NFI-02605026.PNG,26,5,3,26,genuine/NFI-02603026.PNG,0
NFI-02605026.PNG,26,5,4,26,genuine/NFI-02604026.PNG,0
NFI-02605026.PNG,26,5,5,26,genuine/NFI-02605026.PNG,0
NFI-02701027.PNG,27,1,1,1,forged/NFI-00101027.PNG,1
NFI-02701027.PNG,27,1,2,1,forged/NFI-00102027.PNG,1
NFI-02701027.PNG,27,1,3,1,forged/NFI-00103027.PNG,1
NFI-02701027.PNG,27,1,4,1,forged/NFI-00104027.PNG,1
NFI-02701027.PNG,27,1,5,1,forged/NFI-00105027.PNG,1
NFI-02701027.PNG,27,1,1,27,genuine/NFI-02701027.PNG,0
NFI-02701027.PNG,27,1,2,27,genuine/NFI-02702027.PNG,0
NFI-02701027.PNG,27,1,3,27,genuine/NFI-02703027.PNG,0
NFI-02701027.PNG,27,1,4,27,genuine/NFI-02704027.PNG,0
NFI-02701027.PNG,27,1,5,27,genuine/NFI-02705027.PNG,0
NFI-02702027.PNG,27,2,1,1,forged/NFI-00101027.PNG,1
NFI-02702027.PNG,27,2,2,1,forged/NFI-00102027.PNG,1
NFI-02702027.PNG,27,2,3,1,forged/NFI-00103027.PNG,1
NFI-02702027.PNG,27,2,4,1,forged/NFI-00104027.PNG,1
NFI-02702027.PNG,27,2,5,1,forged/NFI-00105027.PNG,1
NFI-02702027.PNG,27,2,1,27,genuine/NFI-02701027.PNG,0
NFI-02702027.PNG,27,2,2,27,genuine/NFI-02702027.PNG,0
NFI-02702027.PNG,27,2,3,27,genuine/NFI-02703027.PNG,0
NFI-02702027.PNG,27,2,4,27,genuine/NFI-02704027.PNG,0
NFI-02702027.PNG,27,2,5,27,genuine/NFI-02705027.PNG,0
NFI-02703027.PNG,27,3,1,1,forged/NFI-00101027.PNG,1
NFI-02703027.PNG,27,3,2,1,forged/NFI-00102027.PNG,1
NFI-02703027.PNG,27,3,3,1,forged/NFI-00103027.PNG,1
NFI-02703027.PNG,27,3,4,1,forged/NFI-00104027.PNG,1
NFI-02703027.PNG,27,3,5,1,forged/NFI-00105027.PNG,1
NFI-02703027.PNG,27,3,1,27,genuine/NFI-02701027.PNG,0
NFI-02703027.PNG,27,3,2,27,genuine/NFI-02702027.PNG,0
NFI-02703027.PNG,27,3,3,27,genuine/NFI-02703027.PNG,0
NFI-02703027.PNG,27,3,4,27,genuine/NFI-02704027.PNG,0
NFI-02703027.PNG,27,3,5,27,genuine/NFI-02705027.PNG,0
NFI-02704027.PNG,27,4,1,1,forged/NFI-00101027.PNG,1
NFI-02704027.PNG,27,4,2,1,forged/NFI-00102027.PNG,1
NFI-02704027.PNG,27,4,3,1,forged/NFI-00103027.PNG,1
NFI-02704027.PNG,27,4,4,1,forged/NFI-00104027.PNG,1
NFI-02704027.PNG,27,4,5,1,forged/NFI-00105027.PNG,1
NFI-02704027.PNG,27,4,1,27,genuine/NFI-02701027.PNG,0
NFI-02704027.PNG,27,4,2,27,genuine/NFI-02702027.PNG,0
NFI-02704027.PNG,27,4,3,27,genuine/NFI-02703027.PNG,0
NFI-02704027.PNG,27,4,4,27,genuine/NFI-02704027.PNG,0
NFI-02704027.PNG,27,4,5,27,genuine/NFI-02705027.PNG,0
NFI-02705027.PNG,27,5,1,1,forged/NFI-00101027.PNG,1
NFI-02705027.PNG,27,5,2,1,forged/NFI-00102027.PNG,1
NFI-02705027.PNG,27,5,3,1,forged/NFI-00103027.PNG,1
NFI-02705027.PNG,27,5,4,1,forged/NFI-00104027.PNG,1
NFI-02705027.PNG,27,5,5,1,forged/NFI-00105027.PNG,1
NFI-02705027.PNG,27,5,1,27,genuine/NFI-02701027.PNG,0
NFI-02705027.PNG,27,5,2,27,genuine/NFI-02702027.PNG,0
NFI-02705027.PNG,27,5,3,27,genuine/NFI-02703027.PNG,0
NFI-02705027.PNG,27,5,4,27,genuine/NFI-02704027.PNG,0
NFI-02705027.PNG,27,5,5,27,genuine/NFI-02705027.PNG,0
NFI-02801028.PNG,28,1,1,1,forged/NFI-00101028.PNG,1
NFI-02801028.PNG,28,1,2,1,forged/NFI-00102028.PNG,1
NFI-02801028.PNG,28,1,3,1,forged/NFI-00103028.PNG,1
NFI-02801028.PNG,28,1,4,1,forged/NFI-00104028.PNG,1
NFI-02801028.PNG,28,1,5,1,forged/NFI-00105028.PNG,1
NFI-02801028.PNG,28,1,1,28,genuine/NFI-02801028.PNG,0
NFI-02801028.PNG,28,1,2,28,genuine/NFI-02802028.PNG,0
NFI-02801028.PNG,28,1,3,28,genuine/NFI-02803028.PNG,0
NFI-02801028.PNG,28,1,4,28,genuine/NFI-02804028.PNG,0
NFI-02801028.PNG,28,1,5,28,genuine/NFI-02805028.PNG,0
NFI-02802028.PNG,28,2,1,1,forged/NFI-00101028.PNG,1
NFI-02802028.PNG,28,2,2,1,forged/NFI-00102028.PNG,1
NFI-02802028.PNG,28,2,3,1,forged/NFI-00103028.PNG,1
NFI-02802028.PNG,28,2,4,1,forged/NFI-00104028.PNG,1
NFI-02802028.PNG,28,2,5,1,forged/NFI-00105028.PNG,1
NFI-02802028.PNG,28,2,1,28,genuine/NFI-02801028.PNG,0
NFI-02802028.PNG,28,2,2,28,genuine/NFI-02802028.PNG,0
NFI-02802028.PNG,28,2,3,28,genuine/NFI-02803028.PNG,0
NFI-02802028.PNG,28,2,4,28,genuine/NFI-02804028.PNG,0
NFI-02802028.PNG,28,2,5,28,genuine/NFI-02805028.PNG,0
NFI-02803028.PNG,28,3,1,1,forged/NFI-00101028.PNG,1
NFI-02803028.PNG,28,3,2,1,forged/NFI-00102028.PNG,1
NFI-02803028.PNG,28,3,3,1,forged/NFI-00103028.PNG,1
NFI-02803028.PNG,28,3,4,1,forged/NFI-00104028.PNG,1
NFI-02803028.PNG,28,3,5,1,forged/NFI-00105028.PNG,1
NFI-02803028.PNG,28,3,1,28,genuine/NFI-02801028.PNG,0
NFI-02803028.PNG,28,3,2,28,genuine/NFI-02802028.PNG,0
NFI-02803028.PNG,28,3,3,28,genuine/NFI-02803028.PNG,0
NFI-02803028.PNG,28,3,4,28,genuine/NFI-02804028.PNG,0
NFI-02803028.PNG,28,3,5,28,genuine/NFI-02805028.PNG,0
NFI-02804028.PNG,28,4,1,1,forged/NFI-00101028.PNG,1
NFI-02804028.PNG,28,4,2,1,forged/NFI-00102028.PNG,1
NFI-02804028.PNG,28,4,3,1,forged/NFI-00103028.PNG,1
NFI-02804028.PNG,28,4,4,1,forged/NFI-00104028.PNG,1
NFI-02804028.PNG,28,4,5,1,forged/NFI-00105028.PNG,1
NFI-02804028.PNG,28,4,1,28,genuine/NFI-02801028.PNG,0
NFI-02804028.PNG,28,4,2,28,genuine/NFI-02802028.PNG,0
NFI-02804028.PNG,28,4,3,28,genuine/NFI-02803028.PNG,0
NFI-02804028.PNG,28,4,4,28,genuine/NFI-02804028.PNG,0
NFI-02804028.PNG,28,4,5,28,genuine/NFI-02805028.PNG,0
NFI-02805028.PNG,28,5,1,1,forged/NFI-00101028.PNG,1
NFI-02805028.PNG,28,5,2,1,forged/NFI-00102028.PNG,1
NFI-02805028.PNG,28,5,3,1,forged/NFI-00103028.PNG,1
NFI-02805028.PNG,28,5,4,1,forged/NFI-00104028.PNG,1
NFI-02805028.PNG,28,5,5,1,forged/NFI-00105028.PNG,1
NFI-02805028.PNG,28,5,1,28,genuine/NFI-02801028.PNG,0
NFI-02805028.PNG,28,5,2,28,genuine/NFI-02802028.PNG,0
NFI-02805028.PNG,28,5,3,28,genuine/NFI-02803028.PNG,0
NFI-02805028.PNG,28,5,4,28,genuine/NFI-02804028.PNG,0
NFI-02805028.PNG,28,5,5,28,genuine/NFI-02805028.PNG,0
NFI-02901029.PNG,29,1,1,1,forged/NFI-00101029.PNG,1
NFI-02901029.PNG,29,1,2,1,forged/NFI-00102029.PNG,1
NFI-02901029.PNG,29,1,3,1,forged/NFI-00103029.PNG,1
NFI-02901029.PNG,29,1,4,1,forged/NFI-00104029.PNG,1
NFI-02901029.PNG,29,1,5,1,forged/NFI-00105029.PNG,1
NFI-02901029.PNG,29,1,1,29,genuine/NFI-02901029.PNG,0
NFI-02901029.PNG,29,1,2,29,genuine/NFI-02902029.PNG,0
NFI-02901029.PNG,29,1,3,29,genuine/NFI-02903029.PNG,0
NFI-02901029.PNG,29,1,4,29,genuine/NFI-02904029.PNG,0
NFI-02901029.PNG,29,1,5,29,genuine/NFI-02905029.PNG,0
NFI-02902029.PNG,29,2,1,1,forged/NFI-00101029.PNG,1
NFI-02902029.PNG,29,2,2,1,forged/NFI-00102029.PNG,1
NFI-02902029.PNG,29,2,3,1,forged/NFI-00103029.PNG,1
NFI-02902029.PNG,29,2,4,1,forged/NFI-00104029.PNG,1
NFI-02902029.PNG,29,2,5,1,forged/NFI-00105029.PNG,1
NFI-02902029.PNG,29,2,1,29,genuine/NFI-02901029.PNG,0
NFI-02902029.PNG,29,2,2,29,genuine/NFI-02902029.PNG,0
NFI-02902029.PNG,29,2,3,29,genuine/NFI-02903029.PNG,0
NFI-02902029.PNG,29,2,4,29,genuine/NFI-02904029.PNG,0
NFI-02902029.PNG,29,2,5,29,genuine/NFI-02905029.PNG,0
NFI-02903029.PNG,29,3,1,1,forged/NFI-00101029.PNG,1
NFI-02903029.PNG,29,3,2,1,forged/NFI-00102029.PNG,1
NFI-02903029.PNG,29,3,3,1,forged/NFI-00103029.PNG,1
NFI-02903029.PNG,29,3,4,1,forged/NFI-00104029.PNG,1
NFI-02903029.PNG,29,3,5,1,forged/NFI-00105029.PNG,1
NFI-02903029.PNG,29,3,1,29,genuine/NFI-02901029.PNG,0
NFI-02903029.PNG,29,3,2,29,genuine/NFI-02902029.PNG,0
NFI-02903029.PNG,29,3,3,29,genuine/NFI-02903029.PNG,0
NFI-02903029.PNG,29,3,4,29,genuine/NFI-02904029.PNG,0
NFI-02903029.PNG,29,3,5,29,genuine/NFI-02905029.PNG,0
NFI-02904029.PNG,29,4,1,1,forged/NFI-00101029.PNG,1
NFI-02904029.PNG,29,4,2,1,forged/NFI-00102029.PNG,1
NFI-02904029.PNG,29,4,3,1,forged/NFI-00103029.PNG,1
NFI-02904029.PNG,29,4,4,1,forged/NFI-00104029.PNG,1
NFI-02904029.PNG,29,4,5,1,forged/NFI-00105029.PNG,1
NFI-02904029.PNG,29,4,1,29,genuine/NFI-02901029.PNG,0
NFI-02904029.PNG,29,4,2,29,genuine/NFI-02902029.PNG,0
NFI-02904029.PNG,29,4,3,29,genuine/NFI-02903029.PNG,0
NFI-02904029.PNG,29,4,4,29,genuine/NFI-02904029.PNG,0
NFI-02904029.PNG,29,4,5,29,genuine/NFI-02905029.PNG,0
NFI-02905029.PNG,29,5,1,1,forged/NFI-00101029.PNG,1
NFI-02905029.PNG,29,5,2,1,forged/NFI-00102029.PNG,1
NFI-02905029.PNG,29,5,3,1,forged/NFI-00103029.PNG,1
NFI-02905029.PNG,29,5,4,1,forged/NFI-00104029.PNG,1
NFI-02905029.PNG,29,5,5,1,forged/NFI-00105029.PNG,1
NFI-02905029.PNG,29,5,1,29,genuine/NFI-02901029.PNG,0
NFI-02905029.PNG,29,5,2,29,genuine/NFI-02902029.PNG,0
NFI-02905029.PNG,29,5,3,29,genuine/NFI-02903029.PNG,0
NFI-02905029.PNG,29,5,4,29,genuine/NFI-02904029.PNG,0
NFI-02905029.PNG,29,5,5,29,genuine/NFI-02905029.PNG,0
NFI-03001030.PNG,30,1,1,1,forged/NFI-00101030.PNG,1
NFI-03001030.PNG,30,1,2,1,forged/NFI-00102030.PNG,1
NFI-03001030.PNG,30,1,3,1,forged/NFI-00103030.PNG,1
NFI-03001030.PNG,30,1,4,1,forged/NFI-00104030.PNG,1
NFI-03001030.PNG,30,1,5,1,forged/NFI-00105030.PNG,1
NFI-03001030.PNG,30,1,1,30,genuine/NFI-03001030.PNG,0
NFI-03001030.PNG,30,1,2,30,genuine/NFI-03002030.PNG,0
NFI-03001030.PNG,30,1,3,30,genuine/NFI-03003030.PNG,0
NFI-03001030.PNG,30,1,4,30,genuine/NFI-03004030.PNG,0
NFI-03001030.PNG,30,1,5,30,genuine/NFI-03005030.PNG,0
NFI-03002030.PNG,30,2,1,1,forged/NFI-00101030.PNG,1
NFI-03002030.PNG,30,2,2,1,forged/NFI-00102030.PNG,1
NFI-03002030.PNG,30,2,3,1,forged/NFI-00103030.PNG,1
NFI-03002030.PNG,30,2,4,1,forged/NFI-00104030.PNG,1
NFI-03002030.PNG,30,2,5,1,forged/NFI-00105030.PNG,1
NFI-03002030.PNG,30,2,1,30,genuine/NFI-03001030.PNG,0
NFI-03002030.PNG,30,2,2,30,genuine/NFI-03002030.PNG,0
NFI-03002030.PNG,30,2,3,30,genuine/NFI-03003030.PNG,0
NFI-03002030.PNG,30,2,4,30,genuine/NFI-03004030.PNG,0
NFI-03002030.PNG,30,2,5,30,genuine/NFI-03005030.PNG,0
NFI-03003030.PNG,30,3,1,1,forged/NFI-00101030.PNG,1
NFI-03003030.PNG,30,3,2,1,forged/NFI-00102030.PNG,1
NFI-03003030.PNG,30,3,3,1,forged/NFI-00103030.PNG,1
NFI-03003030.PNG,30,3,4,1,forged/NFI-00104030.PNG,1
NFI-03003030.PNG,30,3,5,1,forged/NFI-00105030.PNG,1
NFI-03003030.PNG,30,3,1,30,genuine/NFI-03001030.PNG,0
NFI-03003030.PNG,30,3,2,30,genuine/NFI-03002030.PNG,0
NFI-03003030.PNG,30,3,3,30,genuine/NFI-03003030.PNG,0
NFI-03003030.PNG,30,3,4,30,genuine/NFI-03004030.PNG,0
NFI-03003030.PNG,30,3,5,30,genuine/NFI-03005030.PNG,0
NFI-03004030.PNG,30,4,1,1,forged/NFI-00101030.PNG,1
NFI-03004030.PNG,30,4,2,1,forged/NFI-00102030.PNG,1
NFI-03004030.PNG,30,4,3,1,forged/NFI-00103030.PNG,1
NFI-03004030.PNG,30,4,4,1,forged/NFI-00104030.PNG,1
NFI-03004030.PNG,30,4,5,1,forged/NFI-00105030.PNG,1
NFI-03004030.PNG,30,4,1,30,genuine/NFI-03001030.PNG,0
NFI-03004030.PNG,30,4,2,30,genuine/NFI-03002030.PNG,0
NFI-03004030.PNG,30,4,3,30,genuine/NFI-03003030.PNG,0
NFI-03004030.PNG,30,4,4,30,genuine/NFI-03004030.PNG,0
NFI-03004030.PNG,30,4,5,30,genuine/NFI-03005030.PNG,0
NFI-03005030.PNG,30,5,1,1,forged/NFI-00101030.PNG,1
NFI-03005030.PNG,30,5,2,1,forged/NFI-00102030.PNG,1
NFI-03005030.PNG,30,5,3,1,forged/NFI-00103030.PNG,1
NFI-03005030.PNG,30,5,4,1,forged/NFI-00104030.PNG,1
NFI-03005030.PNG,30,5,5,1,forged/NFI-00105030.PNG,1
NFI-03005030.PNG,30,5,1,30,genuine/NFI-03001030.PNG,0
NFI-03005030.PNG,30,5,2,30,genuine/NFI-03002030.PNG,0
NFI-03005030.PNG,30,5,3,30,genuine/NFI-03003030.PNG,0
NFI-03005030.PNG,30,5,4,30,genuine/NFI-03004030.PNG,0
NFI-03005030.PNG,30,5,5,30,genuine/NFI-03005030.PNG,0
